-- --------------------------------------------------------
-- Host:                         127.0.0.1
-- Versión del servidor:         10.1.30-MariaDB - mariadb.org binary distribution
-- SO del servidor:              Win32
-- HeidiSQL Versión:             10.2.0.5599
-- --------------------------------------------------------

/*!40101 SET @OLD_CHARACTER_SET_CLIENT=@@CHARACTER_SET_CLIENT */;
/*!40101 SET NAMES utf8 */;
/*!50503 SET NAMES utf8mb4 */;
/*!40014 SET @OLD_FOREIGN_KEY_CHECKS=@@FOREIGN_KEY_CHECKS, FOREIGN_KEY_CHECKS=0 */;
/*!40101 SET @OLD_SQL_MODE=@@SQL_MODE, SQL_MODE='NO_AUTO_VALUE_ON_ZERO' */;


-- Volcando estructura de base de datos para scrum
CREATE DATABASE IF NOT EXISTS `scrum` /*!40100 DEFAULT CHARACTER SET latin1 */;
USE `scrum`;

-- Volcando estructura para tabla scrum.categoria
CREATE TABLE IF NOT EXISTS `categoria` (
  `id` bigint(20) NOT NULL AUTO_INCREMENT,
  `nombre` varchar(120) NOT NULL DEFAULT '0',
  PRIMARY KEY (`id`)
) ENGINE=InnoDB AUTO_INCREMENT=5 DEFAULT CHARSET=latin1;

-- Volcando datos para la tabla scrum.categoria: ~0 rows (aproximadamente)
DELETE FROM `categoria`;
/*!40000 ALTER TABLE `categoria` DISABLE KEYS */;
INSERT INTO `categoria` (`id`, `nombre`) VALUES
	(1, 'Contabilidad'),
	(2, 'Operativo'),
	(3, 'Tracking aéreo'),
	(4, 'Sistemas');
/*!40000 ALTER TABLE `categoria` ENABLE KEYS */;

-- Volcando estructura para tabla scrum.creador
CREATE TABLE IF NOT EXISTS `creador` (
  `id` bigint(20) NOT NULL AUTO_INCREMENT,
  `nombre` varchar(120) NOT NULL,
  PRIMARY KEY (`id`)
) ENGINE=InnoDB AUTO_INCREMENT=2 DEFAULT CHARSET=latin1;

-- Volcando datos para la tabla scrum.creador: ~2 rows (aproximadamente)
DELETE FROM `creador`;
/*!40000 ALTER TABLE `creador` DISABLE KEYS */;
INSERT INTO `creador` (`id`, `nombre`) VALUES
	(1, 'Luis');
/*!40000 ALTER TABLE `creador` ENABLE KEYS */;

-- Volcando estructura para tabla scrum.eventos
CREATE TABLE IF NOT EXISTS `eventos` (
  `id` bigint(20) NOT NULL AUTO_INCREMENT,
  `targeta_id` bigint(20) NOT NULL,
  `creador_id` bigint(20) NOT NULL,
  `descripcion` text NOT NULL,
  `terminado` int(2) NOT NULL DEFAULT '0',
  `puntos` int(2) NOT NULL DEFAULT '0',
  `orden` int(20) DEFAULT '0',
  `sprint` int(20) DEFAULT '0',
  `semana` varchar(50) NOT NULL,
  `ultimocambio` date DEFAULT NULL,
  PRIMARY KEY (`id`)
) ENGINE=InnoDB AUTO_INCREMENT=64 DEFAULT CHARSET=latin1;

-- Volcando datos para la tabla scrum.eventos: ~56 rows (aproximadamente)
DELETE FROM `eventos`;
/*!40000 ALTER TABLE `eventos` DISABLE KEYS */;
INSERT INTO `eventos` (`id`, `targeta_id`, `creador_id`, `descripcion`, `terminado`, `puntos`, `orden`, `sprint`, `semana`, `ultimocambio`) VALUES
	(4, 1, 1, 'Cambio Formato GuiaMasterContrato con formato HTML', 1, 4, 1, 2, '2018-W41', NULL),
	(5, 1, 1, 'Creación y manejo de nuevos campos All in (Handing, Pre-cooling, Segurity, Conexión) en  GuiaMasterRubros y para GuiaHijaRubros (guías hijas agrupadas)', 1, 2, 2, 1, '2018-W43', NULL),
	(6, 1, 1, 'Cambio plantilla con nuevo modelado para manejo de GuiaMaster y sus pestañas (liquidarGuiaAeropuerto)', 1, 4, 3, 3, '2018-W44', NULL),
	(7, 1, 1, 'Histórico guía hijas rubros<br/>\r\nPrepaid o Collect de guías agrupadas, naturaleza de carga y broker', 1, 1, 5, 1, '2018-W48', NULL),
	(8, 1, 1, 'Facturar (liquidar) Guía agrupada y notificar guías hijas agrupadas sin rubros para ser llenadas por el usuario<br/>\r\nRelacionar prefacturas con guiasAgrupadas', 1, 3, 4, 1, '2018-W47', NULL),
	(9, 1, 1, 'Crear formatos guías para guiaAgrupadas y agrupada <b>AS AGREED</b> <br/>\r\nRevisión de texto dentro del los formatos', 1, 2, 6, 1, '2018-W49', NULL),
	(10, 1, 1, 'Muestra aeropuerto aplicación<br/>\r\nMejora de código con retroalimentación', 1, 1, 8, 1, '2018-W52', NULL),
	(11, 2, 1, '<p>Análisis y revisión al momento de realizar cruces entre documentos (<i>Reversión, cruces</i>) solo para funciones y trigger en bases de datos (<i>MySQL</i>) "5"</p>', 1, 2, 2, 2, '2019-W14', NULL),
	(12, 2, 1, '<p>Descarga y creación (local) para la rama <i><strong>cartera</strong></i></p>', 1, 2, 1, 1, '2019-W13', NULL),
	(13, 1, 1, 'Cambio de campos All In de operaciones a facturación.\r\n', 1, 0, 7, 2, '2018-W49', NULL),
	(14, 3, 1, '<ol><li>Consulta por rango de fecha salida</li><li>Auto chequeo confirmando estado del vuelo</li><li>Botón para eliminar todos lo E-mail al momento de enviar</li></ol>', 1, 0, 1, 1, '2019-W01', NULL),
	(15, 3, 1, '<p>Notificación E-mail con Guía de conexión (Cuerpo y asento)<br>Agregar chekeo de ¡IMPORTANT! para asunto del E-mail</p>', 1, 1, 2, 1, '2019-W02', NULL),
	(16, 3, 1, '<p>Incluir Lista de novedades &nbsp;para generar cuadro de novedades</p><ul><li>PENDIENTE</li><li>RESERVADO A TIEMPO</li><li>VUELO A TIEMPO</li><li>VUELO RETRAZADO</li><li>VUELO CANCELADO</li><li>EN TRANSITO A TIEMPO</li><li>EN TRANSITO RETRAZADO</li><li>CONEXIÓN A TIEMPO</li><li>CONEXIÓN RETRAZADA</li><li>CONEXIÓN CANCELADA</li><li>CARGA PARCIAL</li><li>TERMINADO</li><li>CARGA RETRAZADA</li></ul><p>Campo cantidad de atraso (<strong>DELAYED</strong>) también para reporte (resaltar excel)<br>También cargar la observación al reporte</p>', 1, 1, 3, 1, '2019-W02', NULL),
	(17, 3, 1, '<p>Opción de consulta E-mail de broker relacionado a un cliente</p>', 1, 2, 4, 2, '2019-W02', NULL),
	(18, 4, 1, '<p>Verifica creación clonación y edición con datos correctos</p>', 1, 1, 1, 1, '2019-W03', NULL),
	(19, 5, 1, '<p>Adaptar herramienta con función base para la conexión con API (<i>Bases</i>), todo bajo la nueva versión de symfony 2.8.*</p>', 1, 2, 1, 1, '2019-W04', NULL),
	(20, 5, 1, '<p>Comenzar con adaptación de funciones para consumo e API usando información de las entidades</p><ul><li>Creación de facturas</li><li>Descarga y muestra PDF</li><li>Adaptación de funciones consulta</li></ul>', 1, 2, 2, 1, '2019-W04', NULL),
	(21, 5, 1, '<p>Agregar lo estado de facturas (<i>por API</i>) a los registro de facturas (<i>Cargex</i>)</p><p><strong>POST Creación Documentos (FC - NC - ND)</strong></p><p>Dentro del manejo creación capturar y guardar datos de retorno</p><ul><li>cdo_consecutivo</li><li>cdo_id</li><li>rfa_prefijo (<i>tal vez este no</i>)</li><li>lote</li></ul>', 1, 2, 4, 1, '2019-W04', NULL),
	(22, 5, 1, '<p>Agregar funciones para adaptar <strong>parámetros </strong>y <strong>configuración </strong>asociada ala factura electrónica</p>', 1, 2, 3, 2, '2019-W04', NULL),
	(23, 5, 1, '<p>Adaptación de sistema para la creación y edición de Adquirientes (Clientes) en el sistemas</p><ul><li>Manejo manual (Modulo Clientes)</li><li>Command (Creación y sincronizar registros)</li></ul>', 1, 2, 5, 1, '2019-W06', NULL),
	(24, 5, 1, '<p>Reunión OP (08-02-2019)</p>', 1, 2, 6, 2, '2019-W06', NULL),
	(25, 5, 1, '<ol><li>Mejora consumo y erecciones consumo Api OP</li><li>Consulta de tipos de factura<ul><li>Guía</li><li>Manual</li><li>DO</li></ul></li><li>Espera de JSON adaptado para su creación</li><li>Cambio de vista.</li></ol>', 1, 1, 7, 1, '2019-W07', NULL),
	(26, 5, 1, '<p>Prepara tabla (entidades) <strong>Cliente</strong> con el fin de realizar un envió masivo de clientes al sistema OP</p>', 1, 1, 8, 1, '2019-W08', NULL),
	(27, 5, 1, '<p>cambio bases de nota crédito</p>', 1, 2, 9, 1, '2019-W09', NULL),
	(28, 5, 1, '<p>Entorno de pruebas para el modulo notas crédito (<strong>NC</strong>)&nbsp;</p>', 1, 1, 10, 11, '2019-W12', NULL),
	(29, 5, 1, '<p>Cambio vista <strong>nota crédito</strong></p>', 0, 1, 11, 1, '2019-W12', NULL),
	(30, 5, 1, '<p>Manejo de nota crédito (<strong>NC</strong>) tipo <i>descuento </i>y<i> costo swift </i>al momento de la creación de registros.</p>', 0, 2, 12, 1, '2019-W13', NULL),
	(31, 2, 1, '<p>Revisión y complementación de &nbsp;vista para ajustes (<i>reversión, cruces</i>) "5"</p>', 1, 2, 3, 1, '2019-W14', NULL),
	(32, 2, 1, '<p>Revisión y complementación de modulo para ajustes (<i>devolución =&gt; <strong>Solo modelo de consulta para realizar ajuste de devolución </strong></i>) "8"</p>', 1, 0, 4, 0, '2019-W14', NULL),
	(33, 2, 1, '<p>Creación y ejecución de<i><strong> ajuste devolución</strong></i> afectando documentos deseados "10"</p>', 1, 0, 5, 0, '', NULL),
	(34, 2, 1, '<p><strong>Pruebas </strong>"11-12"</p><ul><li>Calculo de datos (documentos afectados)</li><li>Manejo de diferente tipos de ajustes</li><li>Revisión de casos contra los tipos de ajustes</li><li>Carga en la instancia de pruebas (<i>rama <strong>cartera</strong></i>)</li><li>Pruebas en instancia de pruebas</li></ul>', 1, 2, 6, 1, '2019-W15', NULL),
	(35, 2, 1, '<p>Se agrega a listado de facturas los cruces relacionados a facturas (<i><strong>USD - COP</strong></i>)</p>', 1, 2, 7, 0, '2019-W17', NULL),
	(36, 2, 1, '<p>En modulo de cartera traer los registros cruces (<i>tipo 3 <strong>CT</strong></i>) relacionados junto con su afectación (<i>suma o resta</i>)</p><ul><li><strong>getSQLBalanceStatement:</strong> Consulta <i>SQL</i> quien trae los registros del documento relacionado.</li><li><strong>getSQLCountBalanceStatement: </strong>Conteo de la consulta (anterior..)</li><li><i>Hay mas funciones con SQL a perlo pero ni idea... por ahora ni las miro</i></li></ul>', 1, 2, 8, 1, '2019-W17', NULL),
	(37, 2, 1, '<p>Unión de ramas <strong>master</strong> con la rama &nbsp;<strong>cartera</strong> dentro de la rama <strong>cartera</strong> para su preparación en lanzamiento (<strong>facturasYajustes</strong>)&nbsp;</p>', 1, 1, 9, 1, '2019-W19', '2019-05-10'),
	(38, 7, 1, '<p>Consulta y &nbsp;instalación de dependencias para el uso de <strong>SOAP</strong></p>', 1, 2, 1, 1, '2019-W19', '2019-05-10'),
	(39, 7, 1, '<p>Unión del servicio para consumo de <strong>TRM</strong></p>', 1, 5, 2, 1, '2019-W19', '2019-05-13'),
	(40, 7, 1, '<p><strong>php app/console command:trm</strong><br>Consulta opr Crontab y almacenamiento en la <strong>TRM</strong><br>La TRM se conculta en un rando de 5:00 pm a 5:30 pm del día siguiente</p>', 1, 3, 3, 1, '2019-W19', '2019-05-14'),
	(41, 8, 1, '<p>Consulta para abstracción de información y lo que se puede lograr a partir de esta.</p><p><a href="https://www.flightradar24.com/">https://www.flightradar24.com/</a><br><a href="https://es.flightaware.com/">https://es.flightaware.com/</a></p>', 1, 1, 1, 1, '2019-W20', '2019-05-28'),
	(42, 8, 1, '<p>Generar primer prototipo</p><ul><li>Consulta herramienta solamente con el número de vuelo</li><li>A partir de estatus de vuelo (<i>status Departed : 12</i>) se comienza la consulta de estado del vuelo</li><li>Envíos o notificación de cambios del estado de vuelo</li><li>Actualización de guía conexión por medio de la edición de vuelos (<i>tracking</i>)</li><li>Muestra de guía conexión en notificación E-mail independiente de estado de vuelo&nbsp;</li></ul>', 1, 1, 2, 1, '2019-W20', '2019-08-01'),
	(43, 9, 1, '<p>Documentación e inscripción a plataforma para transición de &nbsp;información</p><p><i><strong>Tener en cuenta se comienza con versión 3.00</strong></i><br><a href="https://developer.airfranceklm.com/login/login">https://developer.airfranceklm.com/login/login</a></p>', 1, 2, 1, 1, '2019-W25', '2019-06-27'),
	(44, 9, 1, '<p>Configuración método para creación y transmisión XML</p><ul><li>Envió &nbsp;a modo de prueba (así se a un punto no existente)</li><li>Preparación de parámetros para ser cambiado a entorno real fácilmente</li><li>Pruebas con diferentes tipos de formatos</li></ul>', 1, 1, 2, 0, '2019-W25', '2019-08-27'),
	(46, 9, 1, '<p>Envió o transmisión de información por parte del usuario.</p>', 1, 3, 4, 1, '2019-W26', '2019-07-16'),
	(47, 9, 1, '<p>Generación e instalación de certificado SSL en sistema de pruebas creando guía para su ejecución en producción</p>', 1, 4, 3, 1, '2019-W29', '2019-07-18'),
	(48, 8, 1, '<p>Consulta de cultivos relacionados a la reserva para su notificación (<i>tracking</i>)</p>', 1, 1, 3, 1, '2019-W31', '2019-08-01'),
	(49, 9, 1, '<p>Envió E-mail notificación para trasmisión correcta del documento</p>', 1, 1, 6, 1, '2019-W35', '2019-08-28'),
	(50, 9, 1, '<p>Control de envió (primera restricción KLM de XML tipo post)</p>', 1, 2, 7, 1, '2019-W35', '2019-08-30'),
	(51, 9, 1, '<p>Empalme proyecto E-AWB con rama máster con fecha 27/08/2019</p>', 1, 1, 5, 1, '2019-W35', '2019-08-27'),
	(52, 9, 1, '<p>Adaptar nuevos campos para manejo E-AWB en la entidad <strong>Proveedor</strong> por parte de la aplicación</p>', 1, 1, 10, 1, '2019-W36', '2019-09-10'),
	(53, 9, 1, '<p>Creación de primer prototipo funcional en la rama <strong>EAWB </strong>para pruebas</p>', 1, 1, 8, 1, '2019-W35', '2019-09-05'),
	(54, 9, 1, '<p>Creación de manual de despliegue y manual de usuario</p>', 1, 1, 9, 1, '2019-W36', '2019-09-10'),
	(55, 9, 1, '<p>Marca de agua (no valido) para guías con transición exitosa</p>', 1, 1, 11, 1, '2019-W38', '2019-09-11'),
	(56, 9, 1, '<p>Mejores según cambios realizados a partir del proyecto</p>', 1, 1, 12, 1, '2019-W38', '2019-09-18'),
	(57, 8, 1, '<p>Adaptación de mapa <strong>Google</strong> para muestra posición de vuelo y envió por E-mail</p>', 1, 1, 4, 1, '2019-W38', '2019-10-04'),
	(58, 8, 1, '<p>Adaptación de nuevos parámetros de desarrollo</p>', 0, 2, 5, 1, '2019-W39', NULL),
	(59, 8, 1, '<p>Re diseño notificación de Tracking (<i>linea de tiempo</i>)</p>', 1, 1, 6, 2, '2019-W39', '2019-10-25'),
	(60, 8, 1, '<ol><li>Adjuntas soportes para notificación (<i>PDF</i>)</li><li>Editor de E-mail de exportadores (<i>Cultivos</i>)</li></ol>', 1, 1, 7, 1, '2019-W41', '2019-10-22'),
	(61, 8, 1, '<p>Desarrollo pagina publica con token para su acceso</p>', 1, 1, 8, 1, '2019-W42', '2019-10-25'),
	(62, 8, 1, '<p>Generar etiqueta con código QR &nbsp;(<i>accediendo a pagina publica</i>) por parte de <strong>exportadores</strong></p>', 1, 1, 9, 1, '2019-W43', '2019-11-05'),
	(63, 8, 1, '<p>Importar datos de notificación de los exportadores (<i><strong>Cultivos</strong></i>)</p>', 1, 1, 10, 1, '2019-W44', '2019-11-07');
/*!40000 ALTER TABLE `eventos` ENABLE KEYS */;

-- Volcando estructura para tabla scrum.hacer
CREATE TABLE IF NOT EXISTS `hacer` (
  `id` bigint(20) NOT NULL AUTO_INCREMENT,
  `creador_id` bigint(20) NOT NULL,
  `eventos_id` bigint(20) NOT NULL,
  `fecha` date NOT NULL,
  `texto` text NOT NULL,
  `terminado` int(2) NOT NULL DEFAULT '0',
  PRIMARY KEY (`id`)
) ENGINE=InnoDB AUTO_INCREMENT=214 DEFAULT CHARSET=latin1;

-- Volcando datos para la tabla scrum.hacer: ~175 rows (aproximadamente)
DELETE FROM `hacer`;
/*!40000 ALTER TABLE `hacer` DISABLE KEYS */;
INSERT INTO `hacer` (`id`, `creador_id`, `eventos_id`, `fecha`, `texto`, `terminado`) VALUES
	(1, 1, 5, '2018-10-23', 'Se comprueba nuevo campos All in en Guia master e Hija Rubros con su modulo para el manejo de estos', 1),
	(2, 1, 6, '2018-10-24', 'Organización de campos y actualización de selectores (suggestionsB4)', 1),
	(3, 1, 6, '2018-10-25', 'Cambió de plantilla acomodando estilos, acomodando campos', 1),
	(4, 1, 6, '2018-10-24', '<p>Revisión y corrección de tracking (No tiene nada que ver pero surgió )</p>', 1),
	(5, 1, 6, '2018-10-26', 'Mejora del menú superior', 1),
	(6, 1, 6, '2018-10-29', 'Cambio de campos y sus funciones (Plantilla => Datos generales)<br/>\r\nActualizando registro (Datos generales = >updateGuia)', 1),
	(7, 1, 6, '2018-10-30', 'Cargar vista acorde a la selección.<br/>\r\nValidar "facturación rubros" funciones javacript => facturarReserva', 1),
	(8, 1, 6, '2018-10-31', 'Validar "facturación rubros" funciones javacript => facturarReserva', 1),
	(9, 1, 6, '2018-11-01', 'Validar "facturación rubros" funciones javacript => facturarReserva<br/>\r\nMejorando el manejo de facturación (selección para facturar)', 1),
	(10, 1, 6, '2018-11-02', 'Mejorando formulario de Facturar Rubros en la pestaña Facturar Rubros', 1),
	(11, 1, 6, '2018-11-06', 'addTrRubroFact => Mejorar esta función al agregar rubros\r\nMejora formulario dimensiones', 1),
	(12, 1, 6, '2018-11-08', 'Funcionalidad Rubros a guía hijas agrupadas', 1),
	(13, 1, 6, '2018-11-09', 'Mejora visual facturar rubros y dimensiones guías hijas', 1),
	(14, 1, 6, '2018-11-13', 'Formulario guías hijas al momento de agregar dimensiones.<br/>\r\nComprobación de funcionamiento de factura guías rubros', 1),
	(15, 1, 6, '2018-11-14', 'Se comienza con la facturación por guía hija agrupada', 1),
	(16, 1, 8, '2018-11-13', 'Se comienza con la facturación por guía hija agrupada', 1),
	(17, 1, 8, '2018-11-14', 'Plantea forma de facturar por guías agrupadas', 1),
	(18, 1, 8, '2018-11-15', 'Creando formulario dinámico para facturar guías agrupadas<br/>\r\nEn entidad prefactura reservas y prefactura se asocia la guiaAgrupada', 1),
	(19, 1, 8, '2018-11-16', 'Comprobación de datos al momento de facturar guías agrupadas', 1),
	(20, 1, 8, '2018-11-19', 'Comprobar facturación con datos de guía agrupara en prefactra y prefacturaReserva', 0),
	(21, 1, 7, '2018-11-19', 'Se plantean nuevos campo en que tabla van y que afectación tiene: <br/>\r\nEntidad: guiahija<br/>\r\ntipoGuia (Prepaid Collect)<br/>\r\nNaturaleza de la carga<br/>\r\nBroker', 1),
	(22, 1, 7, '2018-11-20', 'Agregando detalles de diseño <br/>\r\nSe agregar histórico guiahijarubroshistory<br/>\r\nRecalculas rubros para guías hijas', 1),
	(23, 1, 9, '2018-11-20', 'Planeación de información dentro de el formato PDF para guías agrupadas<br/>\r\n.../reserva/20278/pdfGuiaMasterEstandar', 1),
	(24, 1, 9, '2018-11-21', 'Cambio diseño para personalizar guias hijas a través de la guía agrupada<br/>\r\nEn reservas_liquidarGuiaAeropuerto (paht) actualizar los atributos de las guías hijas sin atributos', 1),
	(25, 1, 9, '2018-11-22', 'En el PDF se carga igual a las máster pero atributos personalizados en agrupada e hija<br/>\r\nCrear mensaje para PDF con o sin dimensiones y  valores AS AGREED', 1),
	(26, 1, 9, '2018-11-23', 'Guía Master usando np_snappy.pdf acomodando<br/>\r\nSe agrega también parámetro para dimensiones, assagre, temporada y piesas', 1),
	(27, 1, 9, '2018-11-26', 'Formato base para impresión de guías hijas', 1),
	(28, 1, 9, '2018-11-27', 'Se genera base para guía hijas (selección múltiple)', 1),
	(29, 1, 9, '2018-11-28', 'Se personaliza la impresión de guías hijas con parámetros personalizado y personalización de la guía hija<br/>\r\nComienza la creación de formato guías agrupadas PDF<br/>\r\n3134946019 => luz ', 1),
	(30, 1, 9, '2018-11-29', 'Edición de guía agrupada en PDF<br/>\r\nRevisión de  ortografía contratos con Word en todos los formatos<br/>', 1),
	(31, 1, 13, '2018-11-30', 'Se retira all in en los rubros (Master e Hija)<br/>\r\nSe agrega campo allin en rubros para identificar<br/>\r\nSe agrega a los fletes dentro de la facturación (GuiaMaster) all in carga de manera inmediata los cargos con chekeo allin (aun en desarrollo)', 1),
	(32, 1, 13, '2018-12-03', 'Se guarda los nuevos rubros (AllIn) con un chekeo de allIn<br/>\r\nSe asocian los dosrubros a dosrubros (en el caso de los All In) => dosRubro', 1),
	(33, 1, 13, '2018-12-04', 'Cambia forma de edición campos all In', 1),
	(34, 1, 13, '2018-12-05', 'Rubros All in calculados dentro de vista para facturar\r\nSe crea una exacción con aerolínea TAMPA flete All In rubro FS\r\nNo se suma a las tarifas totales\r\nEl FS por separados se calcula tarifa por venta y sele suma a All In', 1),
	(35, 1, 13, '2018-12-06', 'Validación calculo de rubros<br/>\r\nMejora visual al momento de consultar facturas', 1),
	(36, 1, 13, '2018-12-07', 'Se carga datos a la Rama GuiasHijas<br/>\r\nCrea documentación asociada a los cambios', 1),
	(37, 1, 13, '2018-12-10', 'Revisión en entorno de pruebas', 1),
	(38, 1, 13, '2018-12-17', 'Mejora y revisión de código (GuiasHijas) <br/>\r\nAgregar al crud de rubro el tipo All In para su edición', 1),
	(39, 1, 13, '2018-12-18', 'Muestra aplicación en aeropuerto con su retro alimentación\r\n', 1),
	(40, 1, 13, '2018-12-19', 'Se agregan mejoras en el código y en los PDF<br/>\r\nMejora manual de despliegue para GuiasHijas', 1),
	(41, 1, 10, '2018-12-26', '<p>Se realizan pruebas con seguimiento de aeropuerto reservas (Luz) se evidencian faltantes en el calculo y se solucionan junto con adecuaciones menores en la impresión de guía Agrupada.&nbsp;<br>Se esperan pruebas por parte de aeropuerto reservas en la noche del<strong> </strong><i><strong>26/12/2018</strong></i> para su <strong>aprobación </strong>total de la herramienta</p>', 1),
	(42, 1, 10, '2018-12-27', '<p>Se realizan pruebas con aeropuerto terminado así los últimos detalles y dejando listo su lanzamiento, con lo anterior se da por <strong>cerrado </strong>en tema.</p>', 1),
	(43, 1, 14, '2019-01-03', '<ul><li>Se una el proyecto con avances posteriores a la rama master</li><li>Comienza revisión de los puntos adelantados y su correcta funcionamiento</li></ul>', 1),
	(44, 1, 15, '2019-01-04', '<p>Se consulta con tracking (Don Jose) de los requerimientos actualizando estos</p><p>Se comienza pruebas de envió normal y con guía de conexión<br>Para el uso de la notificación de guía conexión esta es asumida por medio de el estado (status) en <strong>DEPARTED</strong> con este se asume la guía si es diferente a la principal<br>Se agrega chequeo para asunto <strong>¡IMPORTANT!</strong></p>', 1),
	(45, 1, 16, '2019-01-04', '<p>Se crea nueva entidad <strong>Novedad</strong> y se relaciona a la entidad Tracking<br>Se agrega campo novedad al momento de crear y editar registro de tracking<br>Se adapta vista y controladores para el nuevo campo dentro de creación y edición</p><p>Nuevo campo en la entidad para horas de retraso <i>atraso si el vuelo pasa a status = <strong>14 </strong>Delayed</i><br>Se agrega nuevo campo a la edición y creación de registros tracking</p>', 1),
	(46, 1, 16, '2019-01-04', '<p>Comienza a traer los nuevos campo en el reporte solo se agregara los campos</p><ul><li>Horas atraso (<i>atraso</i>)</li><li>Observaciones</li><li>Novedad</li></ul><p>No me permite descargar Excel hay que buscar dependencia funciona correctamente <strong>PHPExcel</strong></p>', 1),
	(47, 1, 16, '2019-01-08', '<p>Se logra descargar excel en local recordar crear carpeta <i>transflora\\web\\<strong>tmp </strong></i>para que permita la descarga<br>Se agrega campos nuevos dentro del reporte <strong>novedades_report</strong></p>', 1),
	(48, 1, 17, '2019-01-08', '<p>Se diseña vista para la selección de de <i>broker </i>relacionado al momento de enviar E-mail<br>con el mismo formato de las funciones originales se carga los e-mail del broker</p><p>Se cambia la entidad <i>novedad </i>a tipo tipo de novedad (<strong>TipoNovedad</strong>) relacionando dentro tipoNotificacion (<strong>TipoNotificacion</strong>)</p>', 1),
	(49, 1, 17, '2019-01-09', '<p>Se valida nuevos parámetro para envió de e-mail retirando copias ocultas si no se envía a sus destinatario (<i>cliente</i>)<br>se une el <strong>broker </strong>de ser necesario al envió de notificaciones para su manejo con los demás contactos</p>', 1),
	(50, 1, 10, '2019-01-09', '<p>Se comienza rendición y revisión de diseño comenzando con lista guías hijas mostrando solo los datos relevantes acorde a lo seleccionado por el usuario</p>', 1),
	(51, 1, 10, '2019-01-10', '<p>Se cambio datos generales de la reserva a un <i>template </i>separado<br>acomodando plantilla para liquidar guías</p>', 1),
	(52, 1, 10, '2019-01-11', '<p>Se realiza re diseño vidual en el manejo general de la guía y sus pestañas</p><ul><li>Daos generales</li><li>Reservas</li><li>Liquidar AWB</li><li>Documentos</li><li>Liquidar HAWB</li></ul>', 1),
	(53, 1, 10, '2019-01-14', '<p>Edición de formularios =&gt; Agregar rubros<br>Corrección de re-calcular guías agrupadas (Traer suma de Kg/Vol de las dimeciones guía agrupada)</p>', 1),
	(54, 1, 10, '2019-01-15', '<p>Re-diseño formulario para facturar guías agrupadas</p>', 0),
	(55, 1, 18, '2019-01-16', '<p>Revisión de creación&nbsp;</p><ul><li>Información base <strong>Correcto</strong></li><li>Cotización Piezas <strong>Correcto Pero </strong>2 registros fantasmas (No afecta mucho por ahora)</li><li>Cotización Rubro <strong>Correcto</strong></li><li>Tarifas <strong>Correcto</strong></li></ul><p>Revisión de edición</p><ul><li>Información base <strong>Correcto&nbsp;</strong></li><li>Cotización Piezas <strong>Correcto (</strong>En este punto se calcula volTotal<strong>)</strong></li><li>Cotización Rubro <strong>Correcto&nbsp;</strong></li><li>Tarifas <strong>Correcto</strong></li></ul><p>Revisión de clonación</p><ul><li>Información base (el cambio vigencia se realizaba en CotizacinRubro:calcularRubro)</li><li>Cotización Piezas <strong>Correcto&nbsp;</strong></li><li>Cotización Rubro <strong>Correcto&nbsp;</strong></li><li>Tarifas <strong>Correcto&nbsp;</strong></li></ul><p>Se corrige función asociadas a el re-calculo de cotizaciones (<i>cotizacion_createAduana</i>)</p>', 1),
	(56, 1, 18, '2019-01-16', '<p>Se corrige función (<i>cotizacion_createAduana</i>) eliminando registros de rubros no existentes en la tabla <strong>Rubro</strong></p><figure class="table"><table><thead><tr><th><strong>SEGMENTO</strong></th><th>DECIIÓN</th><th><strong>ID RUBRO</strong></th></tr></thead><tbody><tr><td>expoMaritima</td><td>$agenciamientoAduanero</td><td>1</td></tr><tr><td>expoMaritima</td><td>$clasificacionArancelaria</td><td>13</td></tr><tr><td>impoMaritima&nbsp;</td><td>$agenciamientoAduanero</td><td>1</td></tr><tr><td>impoMaritima</td><td>$clasificacionArancelaria</td><td>13</td></tr><tr><td>impoMaritima</td><td>$bl</td><td>112</td></tr><tr><td>impoMaritima</td><td>$registroImportacion</td><td>87</td></tr><tr><td>impoMaritima</td><td>$agenciamientoAduanero</td><td>1</td></tr><tr><td>impoMaritima</td><td>$clasificacionArancelaria</td><td>13</td></tr><tr><td>impoMaritima</td><td>$bl</td><td>112</td></tr><tr><td>impoMaritima</td><td>$registroImportacion</td><td>87</td></tr><tr><td>impoAerea</td><td>$agenciamientoAduanero</td><td>1</td></tr><tr><td>impoAerea</td><td>$preinspeccion</td><td>81</td></tr><tr><td>impoAerea</td><td>$registroImportacion</td><td>87</td></tr><tr><td>impoAerea</td><td>$clasificacionArancelaria</td><td>13</td></tr><tr><td>impoAerea</td><td>$agenciamientoAduanero</td><td>1</td></tr><tr><td>impoAerea</td><td>$preinspeccion</td><td>81</td></tr><tr><td>impoAerea</td><td>$descargueDirecto</td><td>81</td></tr><tr><td>impoAerea</td><td>$registroImportacion</td><td>87</td></tr><tr><td>impoAerea</td><td>$clasificacionArancelaria</td><td>13</td></tr><tr><td>expoAerea</td><td>$agenciamientoAduanero</td><td>1</td></tr><tr><td>expoAerea</td><td>$clasificacionArancelaria</td><td>13</td></tr><tr><td>expoAerea</td><td>$agenciamientoAduanero</td><td>1</td></tr><tr><td>expoAerea</td><td>$clasificacionArancelaria</td><td>13</td></tr></tbody></table></figure>', 1),
	(57, 1, 17, '2019-01-18', '<p>Cambio controlador traking estandarizando llamado de clases y pruebas de cambios a subir</p>', 1),
	(58, 1, 19, '2019-01-22', '<p>Se une JWT para el uso dentro del proyecto y llamado de la función (<i>POST Creación Documentos (FC - NC - ND</i>)) para su primera prueba de manera correcta</p><p>Se genera conexión con el recurso &nbsp;consumir de manera dinámica (Token -&gt; acción) para esto tener en cuenta el puerto asociado la función</p><p>Se genera función de descarga PDF factura</p><p>Se deja funcional descarga en Base64 de archivo pero este no se acomoda correctamente en diseño</p>', 1),
	(59, 1, 20, '2019-01-23', '<p><strong>Datos Generales</strong></p><figure class="table"><table><tbody><tr><td><strong>Oferente</strong></td><td><ul><li>Cargex 800107020</li><li>Agencia de aduanas aduanamos 830010580</li></ul></td></tr></tbody></table></figure><p><strong>GET Buscar Datos Documento por id documento (</strong><i>fact_elect_consulta_id_doct</i><strong>)</strong></p><p>Retorno JSON<br>http://localhost/transflora/web/app_dev.php/FactElect/consultaIdDocumento?id=4</p><p><strong>POST Descargar PDF, XML o ACUSE DE RECIBO como Archivo (</strong><i>fact_elect_pdf</i><strong>)</strong></p><p>Se adapta la función (<i>fact_elect_pdf</i>) para la descarga de facturas y recibos en PDF con los siguientes parámetros:</p><ul><li><strong>tipo:</strong> este parámetro (pdf, recibo, xml) retorna la descarga del archivo requerido</li><li><strong>id: </strong>Este parámetro corresponde al id de <i>terceros consultando </i>sea la factura o el recibo a descargar</li></ul><p>http://localhost/transflora/web/app_dev.php/FactElect/descargaPdfDescarga?tipo=recibo&amp;id=4</p><p><strong>POST Consultar CUFE, QR y Signaturevalue (</strong><i>fact_elect_consulta_qr</i><strong>)</strong></p><p>Falta aclaración de lo que esta función busca (Retorno imagen QR html tal vez?? )</p><ul><li><strong>POST:</strong> Retorno json</li><li><strong>GET:</strong> Retorno plantilla HTML (sin variante con respecto a parámetro <i>cdo_id</i>)</li></ul><p>Se crea &nbsp;la función usando método <strong>POST </strong>&nbsp;retorno datos JSON:</p><ul><li>cufe</li><li>qr</li><li>signaturevalue</li></ul><p>Pendiente validar excepción si el registro no se encuentra<br>http://localhost/transflora/web/app_dev.php/FactElect/consultaQR?id=4</p><p><strong>POST Buscar Datos Documento por Consecutivo (</strong><i>fact_elect_consulta_consecutivo</i><strong>)</strong></p><p>Se crea método para su consulta pero no se es claro los parámetros para su consulta eficiente usando para este los dos ejemplo :</p><ul><li>http://api1.pse1.iopen.co:81/api/emision/documentos/encontrar-documento?ofe_id=1&amp;rfa_prefijo=PRUE&amp;cdo_consecutivo=980009909&amp;cdo_fecha_desde=2018-08-01&amp;cdo_fecha_hasta=2018-08-10</li><li>http://api1.pse1.iopen.co:81/api/emision/documentos/encontrar-documento?filtroDocumentos[ofe_id]=1</li></ul><p>http://localhost/transflora/web/app_dev.php/FactElect/consultaConsecutivo?id=990000060</p><p><strong>POST Enviar Documento a la DIAN (</strong><i>fact_elect_enviar_dian</i><strong>)</strong></p><p>No se que refiere la parte <i>lote </i>se prueba con la siguientes variantes pero no se revise respuesta satisfactoria&nbsp;</p><ul><li>1 <strong>nada</strong></li><li>1,4 <strong>nada</strong></li><li>[1] <strong>nada</strong></li><li>[1,4] <strong>nada</strong></li><li>{1} <strong>nada</strong></li><li>{1,4} <strong>nada</strong></li><li>{\'id\':1} <strong>nada</strong></li><li>{\'id\':1,\'id\':4} <strong>nada</strong></li><li>20180808011016927_bbe3c266-e5d4-4013-917e-834d778195fb //Este ultimo referente a la creación de documentos <strong>Algo</strong></li></ul><p>Se crea función (<i>fact_elect_enviar_dian</i>) con los siguientes parámetros</p><ul><li><strong>id:</strong> id del documento a enviar a la DIAN</li><li><strong>lote:</strong> lote asociado al documento a enviar</li></ul><p>http://localhost/transflora/web/app_dev.php/FactElect/enviaDian?id=4&amp;lote=20190105235451168_b120c727-186e-462c-a117-bbd47189d73b</p><p><strong>POST Consultar Estado Documento en openPCE (</strong><i>fact_elect_consulta_estado</i><strong>)</strong></p><p>Se cea función retornado JSON del cual se tendrá que almacenar&nbsp;</p><ul><li>estado</li><li>resultado</li></ul><p>http://localhost/transflora/web/app_dev.php/FactElect/consultaEstado?id=4</p><p><strong>GET Listado Documentos Enviados (</strong><i>fact_elect_doct_enviados</i><strong>)</strong></p><p>Se crea función para su consulta (<i>aun sin datos visible pero la función responde</i>), con las siguientes parámetros</p><ul><li><strong>ofe_id: </strong>Nit oferente</li><li><strong>desde: </strong>Fecha de consulta inicial (yyyy-mm-dd)</li><li><strong>hasta: </strong>Fecha de consulta final (yyyy-mm-dd)</li><li><strong>envio_desde: </strong>Fecha de consulta inicial del momento que se envió el documento (yyyy-mm-dd)</li><li><strong>envio_hasta: </strong>Fecha de consulta final del momento que se envió el documento (yyyy-mm-dd)</li><li><strong>adq: </strong><i>Ni idea</i></li></ul><p>Dentro de la funcpin (fact_elect_doct_enviados) se envían parámetros fijos esto por desconocimiento de su uso en la consulta (<strong>start</strong>: 0, <strong>length</strong>: -1)<br>http://localhost/transflora/web/app_dev.php/FactElect/listaDoctEnviados?id=2&amp;desde=2019-01-01&amp;hasta=2018-01-25&amp;envio_desde=&amp;envio_hasta=&amp;adq=</p><p><strong>GET Listado Documentos sin Envió (</strong><i>fact_elect_doct_sinEnvio</i><strong>)</strong></p><p>Se crea función para su consulta (<i>aun sin datos visible pero la función responde</i>), con las siguientes parámetros</p><ul><li><strong>ofe_id: </strong>Nit oferente</li><li><strong>desde: </strong>Fecha de consulta inicial (yyyy-mm-dd)</li><li><strong>hasta: </strong>Fecha de consulta final (yyyy-mm-dd)</li><li><strong>adq: </strong><i>Ni idea</i></li></ul><p>Dentro de la funcpin (<i>fact_elect_doct_sinEnvio</i>) se envían parámetros fijos esto por desconocimiento de su uso en la consulta (<strong>start</strong>: 0, <strong>length</strong>: -1)<br>http://localhost/transflora/web/app_dev.php/FactElect/listaDoctSinEnvio?id=2&amp;desde=2018-12-01&amp;hasta=2019-01-23&amp;adq=</p><p><strong>GET Listado Documentos Rechazados (</strong><i>fact_elect_doct_rechazados</i><strong>)</strong></p><p>"message": "SQLSTATE[42000]: Syntax error or access violation: 1064 You have an error in your S............",<br>&nbsp; &nbsp;"code": "42000",<br>&nbsp; &nbsp;"status_code": 500,</p><p>Se crea función (<i>fact_elect_doct_rechazados</i>) mientras es solucionado el problema del servicio.</p><ul><li><strong>ofe_id: </strong>Nit oferente</li><li><strong>desde: </strong>Fecha de consulta inicial (yyyy-mm-dd)</li><li><strong>hasta: </strong>Fecha de consulta final (yyyy-mm-dd)</li><li><strong>envio_desde: </strong>Fecha de consulta inicial del momento que se envió el documento (yyyy-mm-dd)</li><li><strong>envio_hasta: </strong>Fecha de consulta final del momento que se envió el documento (yyyy-mm-dd)</li><li><strong>adq: </strong><i>Ni idea</i></li></ul><p>Dentro de la funcpin (fact_elect_doct_enviados) se envían parámetros fijos esto por desconocimiento de su uso en la consulta (<strong>start</strong>: 0, <strong>length</strong>: -1)<br>http://localhost/transflora/web/app_dev.php/FactElect/listaDoctRechazados?id=2&amp;desde=2018-12-01&amp;hasta=2019-01-23&amp;envio_desde=2018-12-01&amp;envio_hasta=2019-01-23&amp;adq=<br>&nbsp;</p><p>http://api1.pse1.iopen.co:81/api/emision/lista-documentos-rechazados?filtroDocumentos[ofe_id]=1&amp;filtroDocumentos[cdo_fecha_envio_desde]=2018-01-01&amp;filtroDocumentos[cdo_fecha_envio_hasta]=2018-08-07&amp;filtroDocumentos[cdo_fecha_desde]=2018-01-01&amp;filtroDocumentos[cdo_fecha_hasta]=2018-08-07&amp;filtroDocumentos[adq_id]=0&amp;start=0&amp;length=-1</p>', 1),
	(60, 1, 20, '2019-01-24', '<p>Funciones de listado no funcionales buscar comprobantes de funcionamiento incorrecto por el proyecto (<i>transflora, postman</i>)&nbsp;</p><p><strong>NOTA:</strong> El oferente tiene que consultarse con uno (<strong>1:</strong> AGENCIA DE ADUANAS ADUANAMOS S.A NIVEL 2 830010580 <strong>2:</strong> CARGEX S.A 800107020) para su correcto funcionamiento</p><p><strong>GET Listado Documentos Enviados (</strong><i>Funciona</i><strong>)</strong><br>http://localhost/transflora/web/app_dev.php/FactElect/listaDoctEnviados?id=1&amp;desde=&amp;hasta=&amp;envio_desde=2019-01-01&amp;envio_hasta=2019-01-24&amp;adq=<br>http://localhost/transflora/web/app_dev.php/FactElect/listaDoctEnviados?id=2&amp;desde=&amp;hasta=&amp;envio_desde=2019-01-01&amp;envio_hasta=2019-01-24&amp;adq=</p><p><strong>GET Listado Documentos Rechazados (</strong>NO Funciona error 500<strong>)</strong><br>http://api1.pse1.iopen.co:81/api/emision/lista-documentos-rechazados?filtroDocumentos[ofe_id]=1&amp;filtroDocumentos[cdo_fecha_envio_desde]=2019-01-01&amp;filtroDocumentos[cdo_fecha_envio_hasta]=2019-01-24&amp;filtroDocumentos[cdo_fecha_desde]=&amp;filtroDocumentos[cdo_fecha_hasta]=&amp;filtroDocumentos[adq_id]=&amp;start=0&amp;length=-1<br>http://localhost/transflora/web/app_dev.php/FactElect/listaDoctRechazados?id=2&amp;desde=&amp;hasta=&amp;envio_desde=2019-01-01&amp;envio_hasta=2019-01-24&amp;adq=</p><p><strong>GET Listado Documentos sin Envio &nbsp;(</strong><i>Funciona</i><strong>)</strong><br>http://localhost/transflora/web/app_dev.php/FactElect/listaDoctSinEnvio?id=2&amp;desde=2019-01-01&amp;hasta=2019-01-24&amp;adq=<br>&nbsp;</p><p><strong>POST Enviar Documento a la DIAN (</strong><i>Funciona</i><strong>)</strong><br>http://localhost/transflora/web/app_dev.php/FactElect/enviaDian?id=990000010&amp;lote=20190124113343794_7fc90f25-5969-4a6c-a0e7-f0b3f9dd07a6</p><p><strong>POST Creación Documentos (FC - NC - ND) (</strong><i>fact_elect_crear</i><strong>)</strong></p><p>Se une la función con parametros consultado para crear documentos factura electrónica (<i>encodePrefacturaReservaToJson</i>) bajo los siguientes parametros</p><ul><li><strong>id:</strong> id de la factura</li><li><strong>resolución: </strong>&nbsp;de la factura</li></ul><p>http://localhost/transflora/web/app_dev.php/FactElect/crearDocumento?id=990000011&amp;resolucion=11</p>', 1),
	(61, 1, 22, '2019-01-24', '<p>Se comienza con listados de configuración en nuevo controlador (<i>configuracionElectronicaController</i>)</p><p><strong>GET Listado Software Proveedor Tecnológico (</strong><i>fact_elect_list_proveedorTec</i><strong>)</strong><br>http://localhost/transflora/web/app_dev.php/FactElectConfig/listaSoftProveedorTecnologia</p><p><strong>GET Buscar Software Proveedor Tecnológico (</strong><i>fact_elect_buscar_proveedorTec</i><strong>)</strong></p><p>Se crea función para consulta se filtra con tipo básico (<i>por que no se conoce otro tipo más</i>) con los parámetros:</p><ul><li><strong>campo: </strong>Campo de búsqueda son el siguiente listado:</li></ul><ol><li>estado: "ACTIVO"</li><li>fecha_actualizacion: "2019-01-21 17:23:18"</li><li>fecha_creacion: "2018-09-14 11:03:46"</li><li>fecha_modificacion: "2019-01-21 17:23:18"</li><li>sft_estado: "En Pruebas"</li><li>sft_fecha_registro: "2018-08-24 00:00:00"</li><li>sft_id: 2</li><li>sft_identificador: "2d041765-2c86-4d55-ab46-788e6b321d4d"</li><li>sft_nit_proveedor_tecnologico: "800107020"</li><li>sft_nombre: "800107020PRUEBA"</li><li>sft_pin: "C4rg3X5"</li><li>sft_url_ambiente: "https://facturael.."</li><li>sft_url_consulta_resultado_transacciones: "https://facturaele..</li><li>sft_usuario: "PTORRESM"</li><li>usuario_creacion: 161</li></ol><ul><li><strong>valor: </strong>valor a consulta por el campo seleccionado</li></ul><p>http://localhost/transflora/web/app_dev.php/FactElectConfig/<i>buscarSoftProveedorTecnologia?campo=sft_nombre&amp;valor=</i>800107020PRUEBA</p><p><strong>GET Listado OFE (</strong><i>fact_elect_lista_ofe</i><strong>)</strong><br>http://localhost/transflora/web/app_dev.php/FactElectConfig/listaOfe</p><p><strong>GET Buscar OFE (</strong><i>fact_elect_buscar_ofe</i><strong>)</strong></p><p>Se crea función para consulta se filtra con tipo avanzado(<i>por que no se conoce otro tipo más</i>) con los parámetros:</p><ul><li><strong>campo: </strong>Campo de búsqueda son el siguiente listado:<ol><li>"ofe_id": 1,</li><li>"tdo_id": 1,</li><li>"tpe_id": 1,</li><li>"ofe_identificacion": "830010580",</li><li>"ofe_razon_social": "AGENCIA DE ADUANAS ADUANAMOS S.A NIVEL 2",</li><li>"ofe_nombre_comercial": "AGENCIA DE ADUANAS ADUANAMOS S.A NIVEL 2",</li><li>"ofe_primer_apellido": null,</li><li>"ofe_segundo_apellido": null,</li><li>"ofe_primer_nombre": null,</li><li>"ofe_otros_nombres": null,</li><li>"pai_id": 1,</li><li>"dep_id": 2,</li><li>"mun_id": 1,</li><li>"ofe_direccion": "AV EL DORADO NO. 97 - 51 Of. 105",</li><li>"ofe_localidad": null,</li><li>"ofe_telefono": "7455117",</li><li>"ofe_web": null,</li><li>"ofe_correo": "facturacion@aduanamos.com.co",</li><li>"ofe_twitter": null,</li><li>"ofe_facebook": null,</li><li>"tre_id": 2,</li><li>"sft_id": 1,</li><li>"ofe_archivo_certificado": "800107020_1.p12",</li><li>"ofe_password_certificado": "eHJmVlVic2d6cA==",</li><li>"ofe_representacion_grafica": null,</li><li>"ofe_columnas_personalizadas": null,</li><li>"ofe_filtros": null,</li><li>"ofe_conexion_ftp": null,</li><li>"ofe_procesar_directorio_ftp": null,</li><li>"ofe_tipo_archivo_directorio_ftp": null,</li><li>"ofe_motivo_rechazo": null,</li><li>"ofe_convenio_interoperabilidad": "NO",</li><li>"usuario_creacion": 160,</li><li>"fecha_creacion": "2018-09-14 10:42:07",</li><li>"fecha_modificacion": "2018-09-14 10:42:07",</li><li>"estado": "ACTIVO",</li><li>"fecha_actualizacion": "2018-12-29 12:02:06",</li></ol></li><li><strong>valor: </strong>valor a consulta por el campo seleccionado</li></ul><p>http://localhost/transflora/web/app_dev.php/FactElectConfig/buscarOfe?campo=ofe_identificacion&amp;valor=800107020</p><p><strong>GET Listado Resoluciones(</strong><i>fact_elect_lista_resolucion</i><strong>)</strong><br>http://localhost/transflora/web/app_dev.php/FactElectConfig/listaResolucion</p><p><strong>GET Buscar Resoluciones (</strong><i>fact_elect_buscar_resolucion</i><strong>)</strong></p><p>Se crea función para consulta se filtra con tipo avanzado(<i>por que no se conoce otro tipo más</i>) con los parámetros:</p><ul><li><strong>campo: </strong>Campo de búsqueda son el siguiente listado:<ol><li>"rfa_id": 1,</li><li>"ofe_id": 1,</li><li>"rfa_resolucion": "9000000032897970",</li><li>"rfa_prefijo": null,</li><li>"rfa_clave_tecnica": "dd85db55545bd6566f36b0fd3be9fd8555c36e",</li><li>"rfa_fecha_desde": "2018-08-24",</li><li>"rfa_fecha_hasta": "2019-08-23",</li><li>"rfa_consecutivo_inicial": "990000000",</li><li>"rfa_consecutivo_final": "995000000",</li><li>"rfa_resolucion_habilitada": null,</li><li>"rfa_clase_resolucion_habilitada": null,</li><li>"usuario_creacion": 160,</li><li>"fecha_creacion": "2018-09-14 10:45:23",</li><li>"fecha_modificacion": "2018-09-14 10:45:23",</li><li>"estado": "ACTIVO",</li></ol></li><li><strong>valor: </strong>valor a consulta por el campo seleccionado</li></ul><p>http://localhost/transflora/web/app_dev.php/FactElectConfig/buscarResolucion?campo=rfa_resolucion&amp;valor=9000000032897970</p><p><strong>GET Listado Adquirientes (</strong><i>fact_elect_lista_adquirientes</i><strong>)</strong><br>http://localhost/transflora/web/app_dev.php/FactElectConfig/listaAdquirientes</p><p><strong>GET Buscar Adquiriente (</strong><i>fact_elect_buscar_adquirientes</i><strong>)</strong></p><p>Solo se puede buscar mediante su <strong>identificación </strong>del adquiriente<br>http://localhost/transflora/web/app_dev.php/FactElectConfig/buscarAdquirientes?identificacion=860350922</p>', 1),
	(62, 1, 22, '2019-01-25', '<p><strong>POST Nuevo Adquiriente (</strong><i>fact_elect_new_adquirientes</i><strong>)</strong></p><p>Esta función creara nuevos <i><strong>Clientes / Adquirientes</strong></i> en el sistema de factura electrónica basado en la entidad clientes con los siguientes parámetros:</p><ul><li><strong>cliente:</strong> id de la tabla cliente (nuestra)</li></ul><p>Pendiente asociar con datos correctos de parte del API de momento se construye la base esta funcion se alimenta de <i>encodeClienteToJson</i><br>http://localhost/transflora/web/app_dev.php/FactElectConfig/newAdquirientes?cliente=615</p><p><strong>PUT Editar Adquiriente (</strong><i>fact_elect_edit_adquirientes</i><strong>)</strong></p><p>Esta función editara <i><strong>Clientes / Adquirientes</strong></i> en el sistema de factura electrónica basado en la entidad clientes con los siguientes parámetros:</p><ul><li><strong>cliente:</strong> id de la tabla cliente (nuestra)</li></ul><p>Pendiente asociar con datos correctos de parte del API de momento se construye la base esta funcion se alimenta de <i>encodeClienteToJson</i><br>http://localhost/transflora/web/app_dev.php/FactElectConfig/editAdquirientes?cliente=615</p>', 1),
	(63, 1, 22, '2019-01-25', '<p>Nueva creación de funciones en listando parámetros básicos de el sistema (F<i>actura Electrónica</i>) para su descarga en <i>Excel</i></p><p><strong>GET Listado Tipos Documento (</strong><i>fact_elect_list_documentos</i><strong>)</strong><br>http://localhost/transflora/web/app_dev.php/FactElectParametros/listaTipoDocumento</p><p><strong>GET Listado Tipos Persona (</strong><i>fact_elect_list_persona</i><strong>)</strong><br>http://localhost/transflora/web/app_dev.php/FactElectParametros/listaTipoPersona</p><p><strong>GET Listado Países (</strong><i>fact_elect_list_paises</i><strong>)</strong><br>http://localhost/transflora/web/app_dev.php/FactElectParametros/listaPaises</p><p><strong>GET Listado Departamentos (</strong><i>fact_elect_list_departamentos</i><strong>)</strong><br>http://localhost/transflora/web/app_dev.php/FactElectParametros/listaDepartamento</p><p><strong>GET Listado Municipios (</strong><i>fact_elect_list_municipios</i><strong>)</strong><br>http://localhost/transflora/web/app_dev.php/FactElectParametros/listaMunicipios</p><p><strong>GET Listado Tipos de Régimen (</strong><i>fact_elect_list_tipoRegimen</i><strong>)</strong><br>http://localhost/transflora/web/app_dev.php/FactElectParametros/listaTipoRegimen</p><p><strong>GET Listado Impuestos Registrados (</strong>fact_elect_list_impuestos<strong>) Pero no funciona</strong><br>http://localhost/transflora/web/app_dev.php/FactElectParametros/listaImpuestos</p>', 1),
	(64, 1, 21, '2019-01-25', '<p>Se adapta entidades <strong>Prefactura</strong> y &nbsp;<strong>PrefacturaReserva</strong></p><p>{"process":true,"response":{"message":"Bloque de informaci\\u00f3n procesado bajo el lote 20190125132106956_33e56541-5fe4-4d22-857e-bf086ea523b1","lote":"20190125132106956_33e56541-5fe4-4d22-857e-bf086ea523b1","documentos":[{"cdo_id":31,"rfa_prefijo":"","cdo_consecutivo":"990000016"}]}}</p>', 1),
	(65, 1, 21, '2019-01-28', '<p>En la función <i>fact_elect_crear</i> al momento de crear la factura electrónica se almacena datos de retorno:<br>de momento solo <i><strong>PrefacturaReserva</strong></i></p><ul><li><strong>lote:</strong> String del lote que pertenece la factura</li><li><strong>cdoId:</strong> código identifica la factura (<i>cdo_id</i>) en el sisitema open</li><li><strong>estadoDian:</strong> Este se relaciona a la entidad <strong>Status</strong> de igua manera se mantiene en <strong>status 16 </strong>por defecto (<i>Pendiente</i>), ademas se agrga campo en la entidad (<i>descripcion</i>)</li></ul><blockquote><p><i>INSERT INTO Status (id, status, color, descripcion) VALUES (21, \'ENVIADO OP\', \'DATAENTRY\', \'#0055CC\');&nbsp;</i><br><i>INSERT INTO Status (id, status, color, descripcion) VALUESS (22, \'ENVIADO OP\', \'XML-UBL\', \'#0055CC\');&nbsp;</i><br><i>INSERT INTO Status (id, status, color, descripcion) VALUES (23, \'FIRMA\', \'FIRMA\', \'#FF8005\');&nbsp;</i><br><i>INSERT INTO Status (id, status, color, descripcion) VALUES (24, \'ENVIADO DIAN\', \'ENVIO-DIAN\', \'#FF8005\');&nbsp;</i><br><i>INSERT INTO Status (id, status, color, descripcion) VALUES (25, \'APROBADO DIAN\', \'ESTADO-DIAN\', \'#a50c4d\');&nbsp;</i><br><i>INSERT INTO Status (id, status, color, descripcion) VALUES (26, \'CONFIRMADO DIAN\', \'NOTIFICACION\', \'#70A415\');</i></p></blockquote><p><strong>NOTA:</strong> Recordar ejecutar el siguiente comando para actualizar datos de &nbsp;de <i>Prefactura </i>y <i>Prefacturareserva</i><br><i>UPDATE Prefactura SET estadoDian = 16;&nbsp;</i><br><i>UPDATE Prefacturareserva SET estadoDian = 16;</i></p><p><strong>consultaQrAction (</strong><i>fact_elect_consulta_qr</i><strong>)</strong></p><p>Se modifica función para consultar <strong>QR </strong>a partir de un id de factura previamente almacenado</p><ul><li><strong>id:</strong> id de factura</li><li><strong>resolucion: </strong>Resolución asociada a la factura para su correcta consulta</li><li><strong>tipo:</strong> este permito saber si se consulta es <strong>COP (</strong><i>Prefactura</i><strong>) USD (</strong><i>PrefacturaReserva</i><strong>)</strong></li></ul><p>Se Modifica la función de consulta QR para la actualización del registro de factura, para facturas <i>estadoDian </i>= 1<br>http://localhost/transflora/web/app_dev.php/FactElect/consultaQR?id=990000025&amp;resolucion=11&amp;tipo=USD</p><p><strong>consultaEstadoAction(</strong><i>fact_elect_consulta_estado</i><strong>)</strong></p><p>Se modifica función para consultar del estado dela factura enviada a OP</p><ul><li><strong>id:</strong> id de factura</li><li><strong>resolucion: </strong>Resolución asociada a la factura para su correcta consulta</li><li><strong>tipo:</strong> este permito saber si se consulta es <strong>COP (</strong><i>Prefactura</i><strong>) USD (</strong><i>PrefacturaReserva</i><strong>)</strong></li></ul><p>Se realiza la comparación con los estados DIAN acorde a la documentación relacionado a la tabla <strong>Status (21 ... 26)</strong></p><p><strong>Cambio entidad Empresa</strong></p><p>Se agrega campo factelectronica (<i>si -no</i>) a la entidad <strong>Empresa (</strong><i>Resolución</i><strong>)</strong>, recordar actualizar de los demás registro en la tabla</p><blockquote><p><i>UPDATE Empresa SET factelectronica = FALSE;</i></p></blockquote><p>&nbsp;</p>', 1),
	(66, 1, 21, '2019-01-29', '<p>Se comienza a adaptar funciones "Manuales" para crear documentos, actualizar estado del documento y &nbsp;consulta QR</p><p><strong>enviarDianAction (</strong><i>fact_elect_enviar_dian</i><strong>)</strong></p><p>Se adapta la función para envió a la DIAN (previo envío a OP)</p><ul><li><strong>id:</strong> id de factura</li><li><strong>resolucion: </strong>Resolución asociada a la factura para su correcta consulta</li><li><strong>tipo:</strong> este permito saber si se consulta es <strong>COP (</strong><i>Prefactura</i><strong>) USD (</strong><i>PrefacturaReserva</i><strong>)</strong></li></ul><p><strong>factElectPdfDescargaAction(</strong><i>fact_elect_pdf</i><strong>)</strong></p><p>Se adapta la función para descargar registros de factura electrónica.</p><ul><li><strong>id:</strong> id de factura</li><li><strong>resolucion: </strong>Resolución asociada a la factura para su correcta consulta</li><li><strong>tipo:</strong> este permito saber si se consulta es <strong>COP (</strong><i>Prefactura</i><strong>) USD (</strong><i>PrefacturaReserva</i><strong>)</strong></li><li><strong>tipoDescarga:</strong> este parámetro (pdf, recibo, xml) retorna la descarga del archivo requerido</li></ul><p>&nbsp;</p>', 1),
	(67, 1, 21, '2019-01-29', '<p>Se comienza con la creación previa de comando automáticos para consulta y envió de documentos para factura electrónica<br>Para la ejecución de estos comando en la carpeta del proyecto (<i>Transflora</i>) se ejecuta &nbsp;<i><strong>php app/console command:FacturacionApi&nbsp;</strong></i></p><ol><li>Se consulta las resoluciones con factura electrónica (<i>Empresa =&gt; </i>factelectronica "bolean")</li><li>Consultar facturas con la misma resolución para factura electrónica (<i>Prefactura PrefacturaReserva</i>)<br>&nbsp;</li></ol>', 1),
	(68, 1, 21, '2019-01-30', '<p>Se encuentra que el proceso automático se puede encontrar en el campo "de OP" como <strong>cdo_procesar_documento </strong>y &nbsp;lo campo <strong>cdo_resultado_xml </strong>y similares puede que tenga algo que ver con el resultado final de la operación de envió a la DIAN</p><p>Si el registro se posesa (<i>procesarDocumento = true</i>) con su cdoId correspondiente pero al momento de consulta QR este es <i>null</i> se puede pretender que el registro tiene una &nbsp;falla en alguna de las listas pues documentos rechazados no une todos lo errores creo solo los de la DIAN.</p><p><strong>crearDocumento(</strong><i>fact_elect_crear</i><strong>)</strong></p><p>Se adapta la función</p><ul><li><strong>id:</strong> id de factura</li><li><strong>resolucion: </strong>Resolución asociada a la factura para su correcta consulta</li><li><strong>tipo:</strong> este permito saber si se consulta es <strong>COP (</strong><i>Prefactura</i><strong>) USD (</strong><i>PrefacturaReserva</i><strong>)</strong></li><li><strong>conexion:</strong> Esta en caso solo de sert usado desde un Commad</li></ul><p><strong>enviaDian(</strong><i>fact_elect_enviar_dian</i><strong>)</strong></p><p>Se adapta la función</p><ul><li><strong>id:</strong> id de factura</li><li><strong>resolucion: </strong>Resolución asociada a la factura para su correcta consulta</li><li><strong>tipo:</strong> este permito saber si se consulta es <strong>COP (</strong><i>Prefactura</i><strong>) USD (</strong><i>PrefacturaReserva</i><strong>)</strong></li><li><strong>conexion:</strong> Esta en caso solo de sert usado desde un Commad</li></ul><p><strong>php app/console command:FacturacionApi</strong></p><ol><li>Acorde al estado (<i>21..25</i>) se consulta su estado en OP<ul><li>Para esto se cambia la función &nbsp;<i><strong>fact_elect_consulta_estado&nbsp;</strong></i>en esta se envía nuevos parámetros (<i><strong>request </strong></i>= [<i>id</i><strong>: </strong>número factura], [<i>resolucion: nuemro resolucion de factura], [tipo<strong>: </strong>Dependiento USD: </i>PrefacturaReserva <i>COP</i>:Prefactura], <strong>conexion = </strong>Conexxion esterna en caso de command )</li></ul></li><li>Se crea función para actualizar datos de facturas pendientes si existen en OP<ul><li>Para esto se cambia la función &nbsp;<strong>fact_elect_consulta_consecutivo</strong> en esta se envía nuevos parámetros (<i><strong>request </strong></i>= [<i>id</i><strong>: </strong>número factura], [<i>resolucion: nuemro resolucion de factura], [tipo<strong>: </strong>Dependiento USD: </i>PrefacturaReserva <i>COP</i>:Prefactura], <strong>actualizar = </strong>(TRUE, FALSE) con este se confirma si se actualiza el registro de factura, <strong>conexion = </strong>Conexxion esterna en caso de command )</li></ul></li></ol><p>Para mejora de comando se segmenta funciones para manejo de registros</p><ul><li><strong>getPrefacturaReserva: </strong>Consulta todas las <i>PrefacturaReserva</i> factura moneda <strong>USD</strong> con relación de su <i><strong>resolución </strong>factelectronica = true</i></li><li><strong>getPrefactura: </strong>Consulta todas las <i>Prefactura </i>factura moneda <strong>COP </strong>con relación de su <i><strong>resolución </strong>factelectronica = true</i></li><li><strong>actualizarId:</strong> Esta función consulta todas las facturas con resolución en facturación electrónica de esa consulta actualiza los registros sin <strong>cdo_id (</strong>registro permite identificar en OP<strong>)</strong> si no se cuenta sineste junto con su <strong>lote</strong> y <strong>procesarDocumento.</strong></li><li><strong>actualizarEstado:</strong> Consulta y actualiza el estado de la facturas diferentes al status 26 (CONFIRMADO DIAN)</li><li><strong>consultaQr:</strong> Consulta de código QR y cufe si el registro tiene chequeo <i><strong>procesarDocumento = true</strong> en la entidad PrefacturaReserva y Prefactura </i><strong>NOTA: </strong>Si el QR es NULL y el registro fue procesado se puede determinar un error en el mismo por tanto se marca con Status <strong>Rechazado (6)</strong></li><li><strong>crearDocumento: </strong>Esta función se recomienda usar después de <strong>actualizarId</strong> por su cdoId se puede asumir que no existe el registro en OP por lo tanto se crea.</li><li><strong>enviarDian:</strong> Inicia la ejecuaión de envio a la Dian de los documento creado en OP</li></ul>', 1),
	(69, 1, 21, '2019-01-31', '<p><i><strong>php app/console command:FacturacionApi&nbsp;</strong></i></p><p>Agregar fecha al momento de crear registro en OP (<i>fechaEnvio</i>) y al momento de obtener el QR (<i>fechaQr</i>)</p><p>Se cargar cambios de facturación electrónica a la rama <i><strong>facturacion</strong></i></p><p><strong>Adaptación visual (Lista facturas)</strong></p><ul><li><strong>usuarioEnvioOP:</strong> Se agrega usuario quien envía el registro OP (<i>Casos de envió manual</i>)</li><li>Se comienza adaptación al listado de facturas para su manejo desde este sea manual o solo consulta de resultados por parte automática</li></ul><p><strong>Nueva rama (</strong>facturacion<strong>)</strong></p><p>Se crea rama <i>facturacion </i>en el y se cargar archivos necesarios para creación de modulo facturación electrónica por parte del sistema API OP</p>', 1),
	(70, 1, 23, '2019-02-01', '<p>Dentro del modulo de <i>Cliente </i>(<i>cliente_transaction_ajax</i>) se adapta para el manejo (Creación|edición) del cliente en el sistema OP en simultanea realizando un llamado la las funciones:</p><ul><li><strong>newAdquirientes:</strong> Para el funcionamiento de este se requiere el envió de la entidad <i><strong>Cliente </strong></i>&nbsp;del registro creado o editado.</li><li><strong>editAdquirientes:</strong> Para el funcionamiento de este se requiere el envió del parámetro <strong>id</strong> (int) del cliente.</li></ul>', 1),
	(71, 1, 23, '2019-02-04', '<p>Para &nbsp;sincronizar de Cliente (transfloras) <strong>vs </strong>Adquiriente (OP)&nbsp;</p><ol><li>Consulta de todos los <i><strong>Adquiriente </strong></i>(OP)&nbsp;almacenando en un objeto</li><li>Consulta de nit de <i><strong>Adquiriente </strong></i>(OP) dentro del <strong>Cliente Padre </strong>(transfloras)</li><li>Si hay registro relacionado se almacena el openId en <strong>Cliente Padre </strong>(transfloras)</li><li>De no existir ..... hay queda<strong> Pendiente...</strong></li><li>Se requiere verificar datos base que sean iguales de momento son:<ul><li>Nit</li><li>Razón social</li><li>emailContacto (E-mail contacto directo del cliente)</li></ul></li></ol><p>Lo anterior se plantea de manera <strong>teórica</strong></p>', 1),
	(72, 1, 21, '2019-02-04', '<p>Corrección retorno de errores &nbsp;(fact_elect_crear). Para la captura de errores de usa en la función el siguiente comando.<br><strong>$r-&gt;error =</strong> $e-&gt;getResponse()-&gt;getBody()-&gt;getContents();</p><p>Se normaliza la impresión de errores para la parte visual y de consola (crearDocumentoAction, enviarDianAction)</p>', 1),
	(73, 1, 23, '2019-02-05', '<p><strong>GET Listado Adquirientes (</strong><i>fact_elect_lista_adquirientes</i><strong>)</strong><br>http://localhost/transflora/web/app_dev.php/FactElectConfig/listaAdquirientes</p><p><strong>php app/console command:FacturacionApiCliente</strong><br>Basado en la lista adquirientes se crea objeto para comparación</p><p>UPDATE Cliente SET Cliente.tipoDocumento = 1;&nbsp;<br>UPDATE Cliente SET Cliente.tipoPersona = 1;&nbsp;<br>UPDATE Cliente SET Cliente.tipoRegimen = 1;</p><p>Función creadas dentro del command:</p><ul><li><strong>sincronizarCliente:</strong> Función para sincronizar los Adquirientes (OP) contra los clientes (Transflora)</li><li><strong>crearCliente:</strong> Creación de clientes si no contiene código OP (<i><strong>openId</strong></i>) y datos completos de clientes</li></ul>', 1),
	(74, 1, 23, '2019-02-06', '<p><strong>php app/console command:FacturacionApiCliente &lt;tipo&gt;</strong><br>Se agrega parámetro &lt;tipo&gt; para verificar creación de clientes.</p><p>Creación de función (<i>sendEmail</i>) para envió de E-mail y se agrega al momento de crear adquiriente (<i>crearCliente</i>) notificando errores.&nbsp;</p><p><strong>php app/console command:FacturacionApi</strong><br>Creación de función (<i>sendEmail</i>) para envió de E-mail y se agrega al momento de <i><strong>crear factura</strong></i> (<i>crearDocumento</i>) notificando errores.</p>', 1),
	(75, 1, 24, '2019-02-07', '<p>Preparación entorno demostración y documentación DIAN.</p>', 1),
	(76, 1, 25, '2019-02-11', '<p>Corrección en control de errores (try, catch)<br>Revisión controladores consumo OP<br>Se comienza cambio de plantilla para facturas USD</p>', 1),
	(77, 1, 25, '2019-02-12', '<p>Plantilla base para listar facturas (USD - PrefacturaReserva) con estado referentes a facturación electrónica.</p><p>Se comienza agregando filtro de búsqueda;</p><ul><li>Número</li><li>Fecha</li><li>Cliente</li><li>Guía máster</li><li>DO</li><li>Creado</li><li>Centro costo</li><li>Status</li><li>Siesa</li></ul><p>Pendiente función base <strong>imprimir </strong>de momento solo re dirección.</p>', 1),
	(78, 1, 25, '2019-02-13', '<p>Se evidencian funciones que no sirven ni en producción se dejaran por fuera mientras tantos</p><ul><li>Editar factura</li><li>Cargar archivos</li></ul><p>Crear modal general para contenedor funciones en un modal<br>Edición de E-mail para notificación de cartera<br>&nbsp;</p>', 1),
	(79, 1, 25, '2019-02-14', '<p>Se termina y pruebas (básicas) de funciones "Agregar factura, imprimir , adiciona E-mail, Enviar E-mail" dentro de la nueva vista.</p><p>Se plantea la creación de un nuevo rol para usuario : <i><strong>ROLE_FACTELECTRONICA </strong></i>este con el fin de manejar la factura electrónica</p><p>La función <strong>infoDianAction </strong>(<i>prefactura_infoDian</i>) se elimina por diseño el estado "Fact. Eléctronica" se muestra en el listado principal.</p>', 1),
	(80, 1, 25, '2019-02-15', '<p>Cambia vista para facturación (USD, COP)</p><ul><li>Elimina botones sin funcionalidad</li><li>Se agrega información facturación electrónica si la factura la contiene.</li><li>Se agrega manejo de factura electrónica<ul><li>Creación de documentos</li><li>Consulta estado de factura (Por OP)</li><li>Consulta QR (Por OP)</li><li>Tramitar documento a la DIAN (si este ya esta creado en OP)</li></ul></li></ul>', 1),
	(81, 1, 25, '2019-02-18', '<p>Se encuentr sin &nbsp;funcionamiento</p><p><strong>Client error: `POST http://pceqa.open-eb.io:81/api/emision/documentos/estado-documento` resulted in a `404 Not Found` response:&nbsp;</strong></p><p><strong>Client error: `POST http://pceqa.open-eb.io:81/api/emision/documentos/enviar` resulted in a `404 Not Found` response:&nbsp;</strong></p><p>y Descarga PDF aun fuera de funcionamiento.</p><p>Para la prueba &nbsp;de estas funciones se realiza (al igual que el Login) cambio de puertos de 80 al 86 sin respuesta efectiva por parte de el recurso a consumir, de momento se da espera a estas funcionalidades hasta centrar en Nota crédito y débito o a la aclaración de el funcionamiento correcto de los recursos.</p><p>Se controla las excepciones en cadena para controlar errores al momento de la conexión (como error al identificarse en sistema o anguinas no encontradas en la consulta)</p>', 1),
	(82, 1, 25, '2019-02-19', '<p>Documentación (para intentar) estandarizar el flujo de información por parte de OP, aclarando documentación del sistema OP con sus parámetros y condiciones<br>así mismo se espera que OP conteste con el mismo formato este con el fin de no perder información por medios de transmisión diluido o contactos confusos</p><p>&nbsp;</p>', 1),
	(83, 1, 25, '2019-02-20', '<p>Adaptación de comando <i><strong>php app/console command:FacturacionApi&nbsp;</strong></i> para manejo nota crecido y nota débito usando la misma estructura</p><ul><li>se realista pruebas sincronizar</li><li>consulta estados</li><li>Creación nota crédito y débito</li></ul>', 1),
	(84, 1, 26, '2019-02-21', '<p>Se comienza a revisar datos actuales (<i><strong>Cliente</strong></i>)</p><ol><li>Identificar clientes con facturas (USD, COP)</li><li>Pulir sus datos o buscar la manera de que cumplan con el estándar para su creación.<ol><li>Carga datos (si hay un registro coinsidente con OP) de<i> paises, departamentos y &nbsp;municipio</i></li></ol></li></ol>', 1),
	(85, 1, 26, '2019-02-21', '<p>Datos obligatorios para <i><strong>cliente </strong></i>(entidad) para la creación y manejo de factura electrónica.</p><ul><li>tipoDocumento</li><li>tipoPersona</li><li>nit</li><li>razonSocial</li><li>country (País)</li><li>departamento</li><li>municipio</li><li>direccion</li><li>telefono</li><li>emailContacto</li><li>tipoRegimen</li></ul><p><strong>Nota:</strong> Este siempre vinculado al oferente <i><strong>Cargex (2)</strong></i></p>', 1),
	(86, 1, 26, '2019-02-22', '<p>Se comienza a revisar datos actuales (<i><strong>Cliente</strong></i>)</p><ol><li>Identificar clientes con facturas (USD, COP)</li><li>Pulir sus datos o buscar la manera de que cumplan con el estándar para su creación.<ol><li>Carga datos (si hay un registro coinsidente con OP) de<i> paises, departamentos y &nbsp;municipio</i></li><li>Se cargar &nbsp;emailContacto = "desarrollo@cargex.com.co"</li></ol></li></ol><p>se finaliza el archivo <strong>SQL </strong>para la actualización de clientes, municipio y departamento.</p><p><i><strong>php app/console command:FacturacionApiCliente</strong></i></p><p>Con el comando anterior se realiza un ejecución de clientes en el sistema OP</p><ul><li>Se evidencia una mala estructura por OP en cuanto a retorno de errores se controla en el momento de crear cliente (múltiples)</li><li>Se realiza prueba para la creación de cliente con creación de cliente correcta y otras excepciones ya controladas por parte de trasflora</li><li>Se ejecuta creación múltiple de clientes por método de consola (command)&nbsp;<ul><li>Se crean cliente de manera correcta.</li><li>Se crea reporte de clientes con errores en su creación.</li></ul></li></ul>', 1),
	(87, 1, 27, '2019-02-25', '<p>Cambio en la entidad <i><strong>notacreditorubro</strong></i></p><ul><li>Campo <i>rubro </i>cambia para asocial <i>dosRubro</i></li><li>Comenzar a usar campo moneda</li><li>Campo <i>costobase </i>cambia a <i>costoCop</i></li><li>Campo <i>venta </i>cambia a <i>costoUsd</i></li><li>Se eliminan campos<ul><li>tipo (N, T, P = No, Terceros, Propios)</li><li>valor</li><li>cantidad</li><li>utilidad</li></ul></li></ul><p>Mejora en la vista al momento de crear notas crédito</p>', 1),
	(88, 1, 27, '2019-02-26', '<p>Cambio de vista al momento de crear nota crédito</p><ul><li>Base para registro <strong>TOTAL</strong></li><li>Base para registro <strong>PARCIAL (aun pendiente)</strong></li></ul>', 1),
	(89, 1, 27, '2019-02-27', '<p>Cambio de vista al momento de crear nota crédito <strong>PARCIAL </strong>con rubro asociados a las facturas relacionada</p><p>Se termina la lógica másica para <strong>Parcial </strong>y<strong> Total </strong>para la creación de notas créditos filtrando el objeto que contiene los registro cambiando la función <i><strong>pf_notaCredito_create&nbsp;</strong></i><br>para lo anterior se comenzar a modelar las entidades</p><ul><li>notacredito</li><li>notacreditorubro</li><li>prefacturanotacredito</li></ul>', 1),
	(90, 1, 27, '2019-02-28', '<p>Se comienza a crear &nbsp;el nuevo esquema para almacenar notas crédito en el controlados <i><strong>prefactura_new_notaCredito (</strong>prefacturaNewNoracreaditoAction<strong>) </strong></i>para esta funcion se calcula el saldo por factura relacionada a la nota crédito (<i>PrefacturaNotacredito</i>) y saldo total (<i>NotaCredito</i>)&nbsp;</p><p>&nbsp;</p>', 1),
	(91, 1, 27, '2019-03-01', '<p>Función para la creación nota crédito (<i><strong>prefactura_new_notaCredito</strong></i>)</p><ul><li>Total</li><li>Parcial (<i>por factura</i>)</li><li>Parcial (<i>por rubros relacionados</i>)</li></ul><p>Para lo anterior se obliga a ge cada registro (<i>NotaCredito</i>) contenga asociado el rubro <strong>IVA </strong>(<i>NotaCreditoRubro</i>)<br><strong>Rubro (96)</strong></p><p>Se carga primer prototipo en la rama <strong>facturación&nbsp;</strong></p>', 1),
	(92, 1, 27, '2019-03-04', '<p>Pendiente normalizar &nbsp;los datos <i><strong>float </strong></i>que se almacenan solo con 2 decimales</p><p>Se comienza a adaptar <strong>PDF </strong>(<i>NotaCredito</i>)&nbsp;</p><p><strong>Rubro (96) </strong>(<i>NotaCreditoRubro</i>) este atributo siempre tendrá un valor en <i><strong>pesos</strong></i></p>', 1),
	(93, 1, 27, '2019-03-05', '<p>A las vista facturas (COP, USD) se comienza a agrega historia notas créditos relacionadas a la factura (<i>prefactura_notaCreditoModal</i>)</p><p>Asociando de manera cascada para normalizar consulta ( <i><strong>NotaCredito -&gt; prefacturanotacredito -&gt; notacreditorubro</strong> </i>)</p>', 1),
	(94, 1, 27, '2019-03-06', '<p>Se deja por el momento la función (<i>docRelacionados =&gt; <strong>prefactura_notaCreditoModal</strong></i>) inamovilidad por tiempos<br>se continua acomodando la función (<i>showDocumentsInvoice</i> =&gt; <i><strong>documentos_factura</strong></i>) para la muestra de documentos asociado mientras se plantea una solución definitiva.</p><p>Se comienza la creación base del documento <strong>diccionario de datos</strong> con los cambios relacionados teniendo en cuenta los campos (<i>que no son campo</i>s) que generan relación</p>', 1),
	(95, 1, 27, '2019-03-07', '<p>Se cambia consulta de documento relacionados a una factura mostrando los detalles de cada uno (<i><strong>NotaCredito, &nbsp;NotaCreditoRubros y ReciboCaja</strong></i>)&nbsp;<br>lo anterior unido en un listado &nbsp;en la vista factura (<i>USD, COP</i>)</p>', 1),
	(96, 1, 27, '2019-03-08', '<p>Creación de nuevos campos para el manejo de facturación electrónica (OP)</p><ul><li><strong>cdoId:</strong> id para identificar documento en sistema OP</li><li><strong>lote:</strong> Lote perteneciente del registro</li><li><strong>qr:</strong> código QR</li><li><strong>cufe:</strong> código CUFE</li><li><strong>fechaEnvio</strong>: Fecha del momento en que el registro se envió y creo en sistema OP</li><li><strong>usuarioEnvioOP:</strong> Usuario quien realizo el envió del registro (si este no se gestiono de manera automática)</li></ul>', 1),
	(97, 1, 20, '2019-03-11', '<p><strong>Adaptación para el envió de notas crédito al sistema OP</strong></p><p>Modal para centrar todo el manejo de nota crédito en el sistema OP, aun con campos faltantes en el modelo se adaptan los siguientes campos</p><ul><li>setEstadoDian</li><li>fechaQr</li><li>procesarDocumento</li></ul><p>Creación de nota crédito (<i><strong>TOTAL</strong></i>) de forma exitosa</p>', 1),
	(98, 1, 20, '2019-03-12', '<p>Creación de nota crédito (<i><strong>Parcial</strong></i>) y verificación de rubros creados en su nota crédito<br>Ya se realiza tramite a sistema OP funciona parcialmente este con lo ítem parcializados con sus rubros</p><p>Arrojando error al momento de su creación por parte de OP</p><blockquote><p><i>SQLSTATE[23000]: Integrity constraint violation: 1062 Duplicate entry \'237-3\' for key \'iu1_ddo\' (SQL: insert into `pse_detalle_documentos_daop` (`cdo_id`, `ddo_cantidad`, `ddo_codigo`, `ddo_descripcion`, `ddo_informacion_adicional`, `ddo_secuencia`, `ddo_tipo_item`, `ddo_total`, `ddo_total_moneda_extranjera`, `ddo_valor_unitario`, `ddo_valor_unitario_moneda_extranjera`, `estado`, `fecha_creacion`, `fecha_modificacion`, `usuario_creacion`) values (237, 1.00, 28150501, DUE CARRIER, {"Descripcion":"parcial por luis"}, 3, , 3138.00, 1.00, 3137.66, 1.00, ACTIVO, 2019-03-12 09:52:46, 2019-03-12 09:52:46, 302), (237, 1.00, 28150501, FLETE AEREO, {"Descripcion":"parcial por luis"}, 3, , 611844.00, 195.00, 611843.70, 195.00, ACTIVO, 2019-03-12 09:52:46, 2019-03-12 09:52:46, 302))</i></p></blockquote><p>El anterior error se determina por error de secuencia este se corrige y se realizan más pruebas para crear documento (<strong>NC</strong>) de manera exitosa.</p><p>Se comienza a crear las demás acciones para gestión de registro a través del modulo nota crédito en el sistema OP</p><ul><li>Descargar de archivo (<i>Si no se tramita el registro previamente este no permite la descarga</i>)</li><li>Tramitar documento DIAN (<i>Operación exitosa</i>)</li><li>Consultar estado (<i>Operación exitosa</i>)</li><li>Consultar QR (<i>Operación exitosa</i>)</li></ul>', 1),
	(99, 1, 20, '2019-03-13', '<p>Comprobar creación de JSON con datos correctos (cuenta, valores, asociados a factura correspondiente) total y parcial.</p><blockquote><p>Si el el código CUFE "<i>cdo_cufe_factura</i>" de la factura no se encuentra en alguna delas factura relacionadas la a nota crédito esta retornara error.</p></blockquote><p>En la entidad <strong>NotaCredito</strong> existe el campo <i>valor </i>el cual determina la cantidad por la cual se realizo el registro en la moneda determinada en el campo <i>moneda</i> (<strong>USD, COP</strong>)<br>En la entidad <strong>Notacreditorubro</strong> se guarda de manera separa el valor (USD <i>costoUsd</i> <strong>|</strong> COP <i>costoCop</i><strong> </strong>) <i><strong>abonado</strong></i> por cada rubro en el caso de notas crédito <i>Parcial</i></p><p>Se cargan nuevos cambios en la rama <strong>facturacion</strong></p>', 1),
	(100, 1, 20, '2019-03-14', '<p><i><strong>php app/console command:FacturacionApi&nbsp;</strong></i></p><p>Se comienza separando una función para actualizar todas los registro OP nota crédito relacionados a facturas con resolución electrónica, este con el fin de actualizar entidades (<i>en transflora</i>) de manera separada de los documentos de factura (USD y COP)</p><p>Se adaptan las demás funciones (c<i>onsulta estado, consulta QR, tramitar DIAN</i>) para su manejo desde registros nota crédito consumidos de manera manual "<i>web</i>" y por comando "<i>command</i>"</p><p>Al momento de crear documento ser consolida los errores en una tabla para su notificación.</p><p>Se cargan nuevos cambios en la rama <strong>facturacion</strong></p>', 1),
	(101, 1, 28, '2019-03-18', '<p>Creación de guion de pruebas y ejecución de las mismas.<br>Organización de archivos modificados para futuro <i><strong>manual de despliegue</strong></i></p>', 1),
	(102, 1, 28, '2019-03-19', '<p>A partir del manual de pruebas se realiza correcciones y se carga en la rama <i><strong>facturacion</strong></i></p><p>Segunda revisa documento (<strong>NC</strong>) creados en el sistema OP desde transflora&nbsp;<br>No se encuentra diferencias en los registros creados desde el sistema transflora a OP (cuentas, valores, valor en texto)</p><p>Comienza la organización del documento "<i><strong>Manual despliegue</strong></i>"</p><ul><li>Actualización base (<i>script base de datos</i>) <i><strong>Aun se tiene que revisar...</strong></i></li><li>Actualización poblar datos (<i>script base de datos</i>) <i><strong>Aun en creación...</strong></i></li><li>Lista de archivos</li></ul><p>Complemento búsqueda (<i>lista desplegable</i>) en el listado de datos.</p>', 1),
	(103, 1, 28, '2019-03-20', '<p>Preparación y primera prueba (<i>entorno local PC personal</i>) para la correcta ejecución del <i><strong>Manual despliegue</strong></i></p><ul><li>Actualización base (<i>script base de datos</i>) se une cambio para la ejecución el el sistema</li><li>Actualización poblar datos (<i>script base de datos</i>) <i><strong>Falta contrastar con Base de datos mas actual...</strong></i></li><li>Lista de archivos (<i>Archivo afectado o nuevos para el despliegue del sistema</i>)</li></ul><p>Se crea consulta para clientes a crear en el sistema OP</p><blockquote><p><i>select cf.id, cf.cliente, cf.razon_social, count(p.id) COP, count(pr.id) USD, &nbsp;</i>cf.country, cf.departamento, cf.municipio,<br><i>cf.nit, ifnull(tr.nombre, \'\') regimen, ifnull(tp.nombre, \'\') persona, ifnull(td.nombre, \'\') documento&nbsp;</i><br><i>from Cliente c&nbsp;</i><br><i>inner join Cliente cf on cf.id = c.cliente&nbsp;</i><br><i>left join Prefactura p &nbsp;on p.clienteFactura = c.id and p.status &lt;&gt; 5 and p.creacion &gt; \'2017-12-31 00:00:00\'&nbsp;</i><br><i>left join PrefacturaReserva pr on pr.clienteFactura = c.id and pr.status &lt;&gt; 5 and pr.creacion &gt; \'2017-12-31 00:00:00\'&nbsp;</i><br><i>left join TipoRegimen tr on tr.id = c.tipoRegimen&nbsp;</i><br><i>left join TipoPersona tp on tp.id = c.tipoPersona&nbsp;</i><br><i>left join TipoDocumento td on tr.id = c.tipoDocumento&nbsp;</i><br><i>where cf.departamento is null #and cf.id = cf.clienteFactura&nbsp;</i><br><i>group by cf.id&nbsp;</i><br><i>having count(p.id) &gt; 0 or count(pr.id) &gt; 0&nbsp;</i><br><i>order by cf.id asc;</i></p></blockquote><p>Queda &nbsp;pendiente para actualizar clientes en Colombia por <i><strong>parte de usuario</strong></i></p>', 1),
	(104, 1, 28, '2019-03-21', '<p>Descarga de base de datos actualizada y prueba de <i>Script </i>en entorno de prueba (<i>PC personal</i>) este se ejecuta con éxito para su exportación e entorno de pruebas oficial.</p><p>Adaptación de la herramienta por actualización de su versión (<i><strong>No se puede imprimir el atributo principal de una entidad sin referir a que valor se llama específicamente</strong></i>)</p>', 1),
	(105, 1, 28, '2019-03-22', '<p>Pruebas de guión despliegue de la rama <i><strong>facturacion</strong></i> unida sobre rama <i><strong>master</strong></i></p><p>Unifican archivos basado en la rama <i><strong>master</strong></i> con el fin de no afecta proyecto pero manteniendo los nuevos cambio de la rama <i><strong>facturacion (</strong>Nota crédito y facturación enfocado a factura electrónica<strong>)</strong></i></p><blockquote><p>Bajo la rama <strong>facturacion </strong>se realiza la nacionalización de estos archivos para su carga rápida en producción<br>En caso de no asignar factura en un <strong>DO</strong> y este retorne un error de consulta&nbsp;<br>En la relación de &nbsp;Cliente -&gt; Departamento -&gt; Municipio se evidencia un cambio de información por parte de OP lo cual inhabilita la creación y edición por el sistema Transflora este se soluciona actualizando la relación en las entidades correspondientes.</p></blockquote><p><strong>Pruebas:</strong></p><ul><li>Creación de <strong>factura</strong> a partir de rubros <i><strong>(Bien - factura electrónica)</strong></i></li><li>Creación de <strong>factura</strong> a partir de un DO <i><strong>(Bien - factura electrónica)</strong></i></li><li>Creación de <strong>nota crédito </strong>parcial y total<strong> </strong><i><strong>(Bien - factura electrónica)</strong></i></li><li>Lista de factura (<i>USD - COP</i>) con detalle de información y documentos relacionados. <i><strong>(Bien - factura electrónica)</strong></i></li><li>Manejo de cliente relacionado con sistema <i><strong>(Bien - factura electrónica)</strong></i></li></ul><p><strong>Pruebas comandos( </strong><i><strong>php app/console command:FacturacionApi </strong></i><strong>)</strong></p><ul><li>Sincronizar de registro factura (USD - COP) y nota crédito</li><li>Creación de registros en sistema OP y notificación de &nbsp;errores E-mail</li><li>Consulta y actualización (Estado - QR)</li></ul><p><strong>Pruebas Clientes</strong></p><ul><li>Actualización de entidades (Municipio - Departamento) con identificación de su registro en sistema &nbsp;OP</li><li>Modifico Controlador para la creación y edición de adquiriente</li><li>Pruebas de creación y edición exitosas</li></ul>', 1),
	(106, 1, 28, '2019-03-26', '<p>Creación de primera Guía a usuario para modulo nota crédito y listado de facturas (COP, USD)</p>', 1),
	(107, 1, 29, '2019-03-26', '<p>Se realiza copia para mantener dato cargados (<i><strong>transflora - Nota crédito proy. subido facturacion</strong></i>)</p><p>Se comienza primer cambio de vista para el modulo nota &nbsp;crédito</p>', 1),
	(108, 1, 12, '2019-03-27', '<p>Descarga y creación de rama <i><strong>cartera</strong></i></p><ul><li>Se genera registro por cruce (<i>CruceContableConcepto</i>)</li><li>En el caso de facturas <i><strong>Ni idea....</strong></i></li><li>En el caso Recibo de Caja se genera los documentos relacionados (<i>CruceContableDocumento</i>) <i><strong>Creo...</strong></i></li><li>en caso de Cruce Contable solo retorno el documento <i><strong>Creo...</strong></i></li><li><strong>Reversión</strong><ul><li>Y hay un movimiento de banco (o cuenta asociada a un banco) se le agrega algo al registro de cruce <i><strong>O algo así...</strong></i></li></ul></li></ul><p>Este modulo se basa en los movimientos del cliente con respecto numero de cuentas o se centra el las cuentas y &nbsp;sus movimientos independiente a quien se dirige ?<br>Lo anterior que genera liquides, reporte de movimientos por cuentas o registros (débito, crédito)?<br>Los pagos parciales se guardan de parte del cliente (débito, crédito) o a una cuenta?<br>Los registros cruzado me tienes que dar históricos no solo de su cruce si no también de su detalles fuera de los valores y cuentas ?<br>En que momento registro el pago de una factura dependiente del tipo de factura.<br>Si liquidan registro o se cruzan se puede hacer el proceso opuesto?<br>Pensado en auditorias hay modo de realizar movimientos registrados por rango (diario&nbsp;uso normal)<br>Si hay saldo a favor no seria mas fácil pasarlos como abonos para su cruce limitando a que cliente si se le puede atribuir (en caso de liquidación de facturas)<br>Si se piensa en movimientos se registrara cada uno por cliente que implique alguna cuenta ?<br>El usuario podrá totalizar por tipo de cuenta de quererlo ?</p><blockquote><p><strong>Recordar:</strong></p><p>Llenar entidad <i>ConceptoComprobante</i></p><p>&nbsp;</p></blockquote>', 1),
	(109, 1, 12, '2019-03-29', '<p>Se comienza a adaptar <i><strong>cartera</strong></i> para mejora y su funcionalidad</p><ul><li><strong>obtenerStatus:</strong> Revisión de función retorna (desaparece saldo a favor) se da por echo que esta función es correcta como esta</li></ul>', 1),
	(110, 1, 11, '2019-04-02', '<p>Mejora al momento de consultar histórico (<i>tipo 3 -&gt; REVERSION </i>) independiente si es factura o recibo</p><ul><li>Para el manejo del trigger ( <i><strong>cruce_contable_concepto_after_insert </strong></i>) para documento 2 (<i>recibo caja</i>) se elimina la actualización de <i>PrefacturaReserva&nbsp;</i></li><li>Para actualizar <i>PrefacturaReserva</i> se crea el trigger ( <i><strong>cruce_contable_documento_after_insert </strong></i>) para la actualización al momento de editar registros</li></ul><blockquote><p><i>DELIMITER $$ DROP TRIGGER IF EXISTS cruce_contable_documento_after_insert $$ CREATE TRIGGER cruce_contable_documento_after_insert AFTER INSERT ON crucecontabledocumento FOR EACH ROW</i><br><i>BEGIN</i><br><i>&nbsp;&nbsp;IF NEW.resolusd IS NOT NULL THEN</i><br><i>&nbsp;&nbsp;&nbsp;&nbsp;UPDATE PrefacturaReserva pr</i><br><i>&nbsp;&nbsp;&nbsp;&nbsp;SET&nbsp;</i><br><i>&nbsp; &nbsp; pr.status = obtenerStatus(1, pr.id, pr.resolucion, TRUE),</i><br><i>&nbsp;&nbsp;&nbsp;&nbsp;pr.valorAbonos = obtenerAbonos(1, pr.id, pr.resolucion, TRUE)</i><br><i>&nbsp;&nbsp;&nbsp;&nbsp;WHERE</i><br><i>&nbsp;&nbsp;&nbsp;&nbsp;pr.id = NEW.prefacturaReserva AND pr.resolucion = NEW.resolusd;</i><br><i>&nbsp;&nbsp;END IF;</i><br><i>END</i></p></blockquote><p>Código para <i><strong>cruce_contable_documento_after_insert&nbsp;</strong></i></p>', 1),
	(111, 1, 11, '2019-04-03', '<p>Cambio función <i><strong>obtenerAbonos </strong></i>permitiendo el retorno de registro abonado independiente del su relación ( <i>CruceContableConcepto</i> <strong>o</strong> <i>CruceContableDocumento-CruceContableConcepto</i>)&nbsp;</p>', 1),
	(112, 1, 31, '2019-04-03', '<p>Para la comprobación de cambio de registros se elimina restricción de vista dentro de consulta de facturas</p><ul><li>Muestra de documento asociados.</li><li>Muestra de valores (<i>valor, abono y saldo</i>)</li></ul><p>Revisión para funcionalidad correcta dentro de ajustes (reversión, cruces)</p><ul><li>Mejora retorno de excepciones en la función <i>documentosAction </i>(<i><strong>AjusteContableController.php</strong></i>)</li><li>Manejo de factura a selección (<i>ajuste tipo reversión</i>)</li><li>Mejora calculo al momento de la selección de registros</li></ul>', 1),
	(113, 1, 31, '2019-04-04', '<p>Conflicto en la rama <i><strong>cartera</strong></i> por tanto se elimina y de carga nuevamente con los archivos esperados para este proyecto (<i>listado en documento despliegue</i>)</p>', 1),
	(114, 1, 32, '2019-04-04', '<p><strong>Estructura para muestra en vista</strong></p><ol><li>Consulta de recibo de caja "<i>pagado</i>" para selección de factura &nbsp;<strong>pagadas</strong> "<i>Pago parcial o total</i>"</li><li>Selección si es a factura (<strong>cruce</strong>) o &nbsp;recibos de caja (<strong>reversión</strong>) <strong>// tipo 2</strong></li><li>Verificar tabla de cuentas (<i><strong>crédito, débito</strong></i>)</li></ol><p><strong>""</strong> =&gt; supuestamente<br><strong>// </strong>=&gt; es así</p>', 1),
	(115, 1, 35, '2019-04-15', '<p>Se comienza agregando en la consulta a factura (<i><strong>USD</strong></i>) en la función <i><strong>documentosFacturaAction</strong></i></p><ul><li>crucen en la entidad <i>CruceContableConcepto</i></li><li>crucen en la entidad <i>CruceContableDocumento</i></li></ul>', 1),
	(116, 1, 35, '2019-04-16', '<p>Acomodar vistas para cruces (<strong>CT</strong>) relacionados a la factura<br>Cargar de cruces relacionados a recibos de caja y muestra en la consulta de documentos relacionados</p><p>Mejora de &nbsp;consulta factura relacionadas para cruces tipo reversión</p><ul><li>Consulta facturas por tercero</li><li>Edición de valor a usa del registro (<i>factura</i>) seleccionada</li></ul>', 1),
	(117, 1, 35, '2019-04-17', '<p>Se cargar material a la rama <i><strong>cartera</strong></i></p><ul><li>consulta de cruces por recibo de caja y facturas (<i>USD - COP</i>)</li><li>Cruces tipo reversión con valores abiertos a edición</li></ul>', 1),
	(118, 1, 36, '2019-04-22', '<p>Revisión de documento con cruces <strong>CT</strong> relacionados&nbsp;</p><blockquote><p><strong>getSQLBalanceStatement:</strong> primera parte <i>Prefactura P </i>segunda parte PrefacturaReserva P<br>Dentro del <i>left Joinn <strong>B</strong></i> se agrega la unión a la tabla de cruces (crucecontableconcepto - crucecontabledocumento)</p></blockquote><p>De momento solo se carga los datos y sume lo que trae... <i>ejem: </i>31451</p>', 1),
	(119, 1, 36, '2019-04-23', '<p>Realiza unión de consulta en sub-query de cruces <i>(crucecontableconcepto - crucecontabledocumento</i>) dentro de la consulta <strong>getSQLBalanceStatement</strong></p><p>&nbsp;La función <strong>crucecontabledocumento</strong> realiza la consulta en el listado de cartera</p><ol><li><i><strong>getSQLCountBalanceStatement:</strong></i> Se solicita la consulta con parámetros (fecha, filtro) -&gt; retorno de <i>registers</i> conteo de registros "<i>Aun no lo miro a detalle</i>"</li><li><i><strong>getSQLBalanceStatement:</strong></i> Se solicita la consulta con parámetros (fecha, filtro) -&gt; retorno de datos</li><li>Las dos funciones anteriores se tienen que igualar en su consulta "<i>cartera_ajax</i>"</li></ol>', 1),
	(120, 1, 36, '2019-04-29', '<p>Revisión de cartera para documentos <strong>COP</strong> y <strong>USD</strong> a partir de cambio en documentos cruces (<i><strong>CT</strong></i>)</p><p>Cambio de el resultante <i><strong>obtenerFactor </strong></i>para guarda su resultante en la entidad <i><strong>crucecontableconcepto</strong></i></p>', 1),
	(121, 1, 36, '2019-04-30', '<p>Actualización general del factor dentro de cruces <strong>USD </strong>y<strong> COP</strong> al momento de generar cruces "Todo cruce con <i><strong>recibo de caja</strong></i> pero sin documentos es con<strong> factor 1</strong>"</p>', 1),
	(122, 1, 37, '2019-05-08', '<p>Paso para unión de ramas en sistema loca para una consolidación en la rama <strong>master</strong></p><ol><li>Descarga rama <strong>master</strong></li><li>Unión con <strong>cartera</strong></li><li>Se crea rama <strong>facturasYajustes </strong>para la unificación de ramas [Facturación electrónica, cartera y ajustes]</li></ol>', 1),
	(123, 1, 37, '2019-05-09', '<ul><li>Comprobación de la rama <strong>facturasYajustes</strong> para su descarga sobre la rama <strong>master</strong></li><li>Se desactiva la creación de clientes "Adquirientes" para facturación electrónica</li><li>Cargar de cambio en la rama <strong>facturasYajustes</strong></li><li>Comprobación de la rama <strong>facturasYajustes</strong> para su descarga sobre la rama <strong>master </strong>de manera definitiva con últimos cambios</li><li>Se comienza con un registro general de la aplicación para su correcto funcionamiento</li></ul><blockquote><p><strong>Errores:</strong> E<i>n tracking y liquidar guía aun que este creo que se produce por actualización Script en la base de datos de momento esperare a tener el Script para comprobar la teoría pues los cambios se mantiene para los módulos anteriormente mencionados la rama máster en funcionamiento.</i></p></blockquote><ul><li>Lo anterior no es pero se comienza con la revisión de la liquidación de guia en el listado de <strong>MAWB (Corregido)</strong></li><li>Carga cambio y se &nbsp;comprueba unión con la rama <strong>master </strong>de manera simple.</li></ul>', 1),
	(124, 1, 37, '2019-05-10', '<p>Desactivar botón para la creación de adquiriente en <strong>OP</strong></p><p>Desarrollo de manual despliegue para la rama <strong>facturasYajustes</strong></p>', 1),
	(125, 1, 38, '2019-05-10', '<p>Consulta de consumos <strong>SOAP </strong>en el sistemas symfony<br>Se activa (<i>php.ini</i>) se activa el servicio <i>SoapClient</i></p>', 1),
	(126, 1, 40, '2019-05-10', '<p><strong>php app/console command:trm</strong></p><p>Creación de funcción command</p>', 1),
	(127, 1, 39, '2019-05-10', '<p>En el controlado <strong>TrmController </strong>(<i>CM\\BaseBundle\\Controller</i>)<br>Se crear la función <i><strong>soapAction</strong></i> para la consulta de <strong>TRM</strong> y almacenamiento en la entidad</p><p>Se genera solución de fecha de inicio a fecha fin para <strong>TRM</strong> de fin de semana</p>', 1),
	(128, 1, 40, '2019-05-13', '<p><strong>php app/console command:trm</strong><br>Se une el la función soapAction (CM\\BaseBundle\\Controller\\TrmController) en el command</p><p>Se comienza <strong>documentación </strong>para la carga al proyecto independiente de la rama a usar.<br>Se agrega pruebas en entorno de pruebas.</p>', 1),
	(129, 1, 40, '2019-05-14', '<p><strong>ssh -i C:\\\\ssh\\\\cargex_dev_key.pem ec2-user@52.27.144.84</strong></p><p>Con la pruebas esta no actualiza se comienza mejoras<br><strong>php app/console command:trm</strong></p><p><i>sudo crontab -e</i><br><i>00 16 * * * php -q /var/www/transflora/app/console command:trm&nbsp;</i><br><i>00 17 * * * php -q /var/www/transflora/app/console command:trm</i><br><i>00 18 * * * php -q /var/www/transflora/app/console command:trm&nbsp;</i><br><i>Service crond restart</i></p>', 1),
	(130, 1, 41, '2019-05-15', '<p><a href="https://www.flightradar24.com/39.87,-75.81/8">https://www.flightradar24.com/39.87,-75.81/8</a></p><p><strong>Nota:</strong> Se recoge muestra de datos "<i>JSON</i>" de un vuelo los ultimo archivos de cada muestra corresponde a la llegada del vuelo.</p><p><strong>Consulta de vuelos:</strong> Con la siguiente dirección se puede consulta los vuelos con lo anterior extraer el id del vuelo identificador del sistema <i>"json consulta id"</i><br>Para vuelos que ya llegaron no se muestra el id<br><i>https://www.flightradar24.com/v1/search/web/find?query=aal743&amp;limit=1</i></p><blockquote><p><i><strong>Parametros:</strong></i><br><i>query:</i> Numero de vuelo en texto (alfanumérico)<br><i>limit:</i> Limitación de la consulta (0 al parecer trae todo)</p></blockquote><p><strong>Consulta de datos de vuelo (Posición): </strong>Con la anterior consulta se puede relacionar el parámetro <strong>selected</strong>=2084cc45 con el <strong>id </strong><i>"json consulta por posición"</i><br><i>https://data-live.flightradar24.com/zones/fcgi/feed.js?&nbsp;</i><br><i>faa=1&nbsp;</i><br><i>&amp;satellite=1&nbsp;</i><br><i>&amp;mlat=1&nbsp;</i><br><i>&amp;flarm=1&nbsp;</i><br><i>&amp;adsb=1&nbsp;</i><br><i>&amp;gnd=1&nbsp;</i><br><i>&amp;air=1&nbsp;</i><br><i>&amp;vehicles=1&nbsp;</i><br><i>&amp;estimated=1&nbsp;</i><br><i>&amp;maxage=14400&nbsp;</i><br><i>&amp;gliders=1&nbsp;</i><br><i>&amp;time=1557936229550&nbsp;</i><br><i>&amp;filter_info=1&nbsp;</i><br><i>&amp;selected=2084cc45&nbsp;</i><br><i>&amp;ems=1&amp;limit=0</i></p><p><strong>Consulta datos de vuelo (Posición y estado) : </strong>Dentro de los parámetros <strong>flight</strong>=2084cc45 se envía id <i>"json consulta por datos"</i><br>https://data-live.flightradar24.com/clickhandler/?version=1.5&amp;flight=2084cc45</p>', 1),
	(131, 1, 42, '2019-05-16', '<p>Herramienta <i><strong>flightradar24.com</strong></i> con la consulta de estado a partir del número de vuelo</p><p>En el controlador tracking se crea &nbsp;la función <i>flightradarAction </i>(<i><strong>tracking_flightradar</strong></i>) para consulta del estado de vuelo</p>', 1),
	(132, 1, 42, '2019-05-17', '<p>Mapa con ruta (<i>google maps</i>)</p><ul><li>Vista en JavaScript</li><li>De pronto en PHP para envió de imagen por E-mail</li></ul>', 1),
	(133, 1, 42, '2019-05-20', '<p>Descarga de librerías (<i><strong>js</strong></i>) para la creación de mapas localización de vuelo</p><ul><li>Carpeta con archivos necesarios (<i>web\\js\\highchartsMap</i>)</li><li>Se genera zoom del mapa en los puntos intermedio entre origen y destino</li></ul>', 1),
	(134, 1, 43, '2019-06-17', '<p>Estudio de documentación XML heramientas recomendadas&nbsp;</p><ul><li>Carga-XML <a href="https://www.iata.org/whatwedo/cargo/e/Pages/cargo-xml.aspx">https://www.iata.org/whatwedo/cargo/e/Pages/cargo-xml.aspx</a></li><li>Cargo-IMP <a href="https://www.iata.org/publications/store/Pages/cargo-interchange-message-procedures-(cargo-imp).aspx">https://www.iata.org/publications/store/Pages/cargo-interchange-message-procedures-(cargo-imp).aspx</a></li><li>Archivo ejemplo para XML (<i>Aun falta entender sus nodos</i>)</li></ul>', 1),
	(135, 1, 44, '2019-06-17', '<p>Consulta creación &nbsp;de xml symfony2</p><ul><li>Se prueba con la serialización &nbsp;(<i>composer require symfony/serializer</i>) por temas de instalación se deja de lado <strong>de momento</strong></li><li>Otra opción que se descarta por versión de php no es compatible (<i>composer require symfony/maker-bundle --dev -vvv</i> )<a href="https://dev.to/_mertsimsek/serializer-component-with-symfony-49l3"> tutorial me gusto pero bueno detalles</a></li><li>Otra por memorya (<i>composer require jms/serializer-bundle</i>) <a href="http://www.inanzzz.com/index.php/post/vsb9/mapping-random-json-and-xml-request-properties-with-jmsserializerbundle-in-symfony">tutorial</a></li><li>Se usa <i><strong>SimpleXMLElement </strong></i>&nbsp;pero tiene problemas por nodos dentro de nodos (<i><strong>Para solucionar se tendra que soportar con una función separada para su creación basada en JSON</strong></i>)</li><li>Encontré un función <i><strong>SimpleXMLElement &nbsp;</strong></i>permite crear nodo atado hay que arreglar la id</li><li>Se creara co vuiista por limitación de tiempos <i><strong>Con esta me quedo</strong></i></li></ul><p>Con lo anterior noto <i>"jms/serializer-bundle"</i>: "^2.4" &nbsp;<i>"symfony/serializer"</i>: "^3.4"en local pero en pruebas <i>"jms/serializer-bundle"</i>: "^2.4", con lo anterior cre prueba muy bascica de un <strong>xml</strong></p>', 1),
	(136, 1, 44, '2019-06-18', '<p>Se comienza a cargar datos usando como guía en nombre de las etiquetas</p><p>Creación de guía Máster XML aun <i><strong>sin pruebas</strong></i></p><p><a href="https://developer.airfranceklm.com/login/login">https://developer.airfranceklm.com/login/login</a></p>', 1),
	(137, 1, 44, '2019-06-19', '<p>Creación de guía hija (<i><strong>Primer prototipo solo con un id - sin prueba</strong></i>)</p>', 1),
	(138, 1, 43, '2019-06-25', '<p>Espera de aplicación para validación de <strong>XML</strong></p><p><a href="https://cargo-xml-autocheck.iata.org/ValidationPortal/(S(kzxzrftspuekdpotvnf3ohin))/IATA/Login.aspx?Proj=1&amp;Lang=EN">https://cargo-xml-autocheck.iata.org/ValidationPortal/(S(kzxzrftspuekdpotvnf3ohin))/IATA/Login.aspx?Proj=1&amp;Lang=EN</a></p>', 1),
	(139, 1, 44, '2019-06-21', '<p>Información en la creación XML (<i><strong>Información pendiente por corroborar</strong></i>)</p><ul><li># Pendiente Master<ul><li>Shipper\'s Account Number</li><li>Accounting Information</li><li>Amount of Insurance</li><li>Commodity Item No</li><li>Handling Information =&gt; IncompletoCommercial Invoice &nbsp;??</li><li>Rate Class ??</li></ul></li><li>pendiente Hijas<ul><li>Agent\'s IATA Code</li><li>Optional Shipping Information</li><li>Amount of Insurance</li><li>Prepaid</li></ul></li></ul>', 1),
	(140, 1, 44, '2019-06-25', '<p>Se elimina función para crear XML a partir de JSON por militantes de proyecto se mantiene render XML.twing<br>Herramienta XML-IATA pero aun nola entiendo quepa por si algo <a href="http://www.parse2.com/service-cargoxml.shtml">http://www.parse2.com/service-cargoxml.shtml</a></p><p>Conexión <i><strong>JwtManager </strong></i>(<i>aun sin usuario activo</i>) para preparar envió</p>', 1),
	(141, 1, 44, '2019-06-26', '<p>Se crea método para consumo y envió de registro (<i>aun inactivo pero con respuesta afirmativa en cuanto a dirección correcta <strong>"Developer Inactive"</strong> </i>)<br>Función creada <strong>POST</strong> php nativo esto por limitación de <i>Symfony </i>quien solicita versiones avanzadas (<i><strong>curl_init</strong></i>)</p><p>&nbsp;</p>', 1),
	(142, 1, 43, '2019-06-26', '<p>Se encuentran 2 plataforma dirimidas a la envió de registro IATA XML (<i>Estas aun sin comprobar si siguen activas</i>)</p><p><a href="https://developer-test.airfranceklm.com/apps/myapps">https://developer-test.airfranceklm.com/apps/myapps</a></p><p><a href="https://airtechzone.iata.org/labs/sandboxes/#howto-ndc">https://airtechzone.iata.org/labs/sandboxes/#howto-ndc</a><br><a href="http://iata.mashery.com/member/register">http://iata.mashery.com/member/register</a><br><a href="https://secure.mashery.com/login/iata.mashery.com/">https://secure.mashery.com/login/iata.mashery.com/</a></p><p>Codifo ID que <strong>tal vez</strong> se relacionen al XML:<br><a href="http://www.dgoffice.net/download/software/dgoffice/webremote/XML_Dg_documentation.htm">http://www.dgoffice.net/download/software/dgoffice/webremote/XML_Dg_documentation.htm</a></p><p>Se encuentra servicio SOAP <i><strong>ejemplo ni idea si es real</strong></i><br><a href="https://es.flightaware.com/commercial/flightxml/documentation2.rvt">https://es.flightaware.com/commercial/flightxml/documentation2.rvt</a></p>', 1),
	(143, 1, 44, '2019-06-27', '<p>Se activa plataformas para envió de guías y chequeo&nbsp;<br>Aun<strong> no </strong>se como conectar para test de guías<br>Se centra desarrollo en e,l chequeo para envió de guía (máster e hijas)</p><p>Campos no entendido o no estoy seguro de su información aun si la valida el XML</p><ul><li>&lt;ram:ConsignorParty&gt;&lt;ram:PrimaryID schemeAgencyID="67"&gt;67-1 2073 001 1&lt;/ram:PrimaryID&gt;</li><li>&lt;ram:FreightForwarderParty&gt;&lt;ram:PrimaryID schemeAgencyID="67"&gt;67-1 2073 001 1&lt;/ram:PrimaryID&gt;</li><li>&lt;ram:AssociatedParty&gt;&lt;ram:PrimaryID schemeAgencyID="ZZZ"&gt;&lt;/ram:PrimaryID&gt;</li></ul><p>Agente de carga ante la IATA : 67-1 2073 001 1</p>', 1),
	(144, 1, 44, '2019-07-02', '<p>Campos con faltantes o información aun no clara <strong>Guía Master</strong></p><ul><li>ram:CountryID&gt; (Se le agrea <strong>CH</strong> para continuar temporalmente). En especial &lt;ram:PostalStructuredAddress&gt; &lt;ram:CountryID&gt;</li><li>&lt;ram:ModeCode&gt;0&lt;/ram:ModeCode&gt;</li><li>&lt;ram:SequenceNumeric&gt;0&lt;/ram:SequenceNumeric&gt; Es es importante tal vez me da la pauta de los items pero aun no estoy seguro</li><li>&lt;ram:ApplicableDestinationCurrencyExchange&gt; Tener en cuenta este modulo para envíos si se requiere TRM</li><li>&lt;ram:ApplicableLogisticsAllowanceCharge&gt; Nodo para costos operativos de momento vació</li><li>&lt;ram:ApplicableDestinationCurrencyServiceCharge&gt; Tarifa de servicio de moneda de destino aplicable</li></ul><blockquote><p>&lt;ram:AssociatedReferenceDocument&gt; Referente a documentos asociados hay que revisar de-momento es referente así mismo</p><p>&lt;ram:TypeCode&gt;&lt;/ram:TypeCode&gt;</p></blockquote><p><strong>NOTA:</strong> valores sin como solo con decimales (<i><strong>0.00</strong></i>)</p><p>Se retoma estructura (<i>coincidencia</i>) para la creación de <strong>guías hijas.</strong></p><ul><li>unitCode="PZ" se le agrega la referencia <strong>PZ</strong> pensando de que son <i><strong>piezas</strong></i></li><li>&lt;ram:TotalChargePrepaidIndicator&gt; este campo se envía falso <i><strong>valor prepago</strong></i> por no tener claridad que valor se podría enviar asociado</li><li>&lt;ram:TaxTotalChargeAmount currencyID="USD"&gt; Impuestos por ahora en cero</li><li>&lt;ram:ConversionRate&gt;Tasa de cambio</li><li>&lt;ram:TransportLogisticsPackage&gt; Logistica de trasnporte <strong>(Camiones)</strong></li><li>&lt;ram:IncludedHouseConsignmentItem&gt; &lt;ram:TotalChargeAmount Se envia en cero 0</li></ul><p>&nbsp;</p><p><strong>Valores registro guía máster e hijas con plantilla comprobada en 0 errores.</strong></p>', 1),
	(145, 1, 44, '2019-07-03', '<p>Se comienzan a crear varias combinaciones para conexión&nbsp;</p><p><strong>Aplicación</strong></p><ul><li><strong>Secret&nbsp;: </strong>??</li><li><strong>Key&nbsp;: </strong>w6ye3y5bezcxyxtycww6tq7r</li></ul><p><strong>Correo</strong></p><ul><li><strong>Secret&nbsp;: </strong>f3TVsP6THK</li><li><strong>Key&nbsp;: </strong>ezkeh9rnm6x2y9sexgnjud2a</li></ul><p><strong>desarrollo@cargex</strong></p><ul><li><strong>Secret&nbsp;: </strong>GVKYNFEcAg</li><li><strong>Key&nbsp;: </strong>8xyvcpvht5g3gjny6x6zz8wu</li></ul><p>Se realiza envíos con referentes entradas para comenzar testero<br><i><strong>sig </strong></i>se edita de manera tanto manual como automática aun sin resultante</p><p>Usando los métodos dentro de la misma aplicación no se encuentra accesos por ninguno de las aplicaciones</p>', 1),
	(146, 1, 44, '2019-07-04', '<p>Tomando recomendación E-mail (<i>mesa de ayuda de aplicación</i>) se deja como llaves.</p><ul><li><strong>api_key:</strong> ezkeh9rnm6x2y9sexgnjud2a</li><li><strong>secretkey:</strong> f3TVsP6THK</li></ul><p>En la creación de <strong>guía Hija</strong> no permite su envió</p><p>En la creación de <strong>guía Máster</strong> lo permite aun retornando el mismo error pero no identificando por parte de la aplicación</p><p>Se cambia parámetros los correctos mostrado como retorno y finalizando como error, la anterior hipótesis la realizo por falta de una guía de errores o un retorno de error más claro<br><strong>Error: </strong><i>Sender address is missing, cannot authenticate sender&nbsp;</i></p>', 1),
	(147, 1, 44, '2019-07-08', '<p>Se comienza a estandarizar y validar archivo XML de envió por <i><strong>Postman </strong></i>en el sistema:</p><ul><li>Validando <strong>KG </strong>en etiquetas como<br>measure type code is not valid at masterConsignment.applicableRating[0].includedMasterConsignmentItem[0].grossVolumeMeasure <strong>unitCode</strong></li><li>Validación de moneda solo para ciertos campos <strong>USD&nbsp;</strong><br><strong>"</strong><i><strong>Este ultimo permite pasar si se elimina el nodo </strong>ApplicableDestinationCurrencyServiceCharge <strong>pero desconozco la importancia o de que depende"</strong></i><br>currency code does not match destination currency code \'XXX\' at masterConsignment.applicableTotalRating[0].applicableDestinationCurrencyServiceCharge.collectAppliedAmount</li><li>density group code is not valid at masterConsignment.densityGroupCode <i>"com.afklm.cargo.schemas.iata.common.unqualifieddatatype.CodeType@2fd63510"</i></li><li>El destino se agrega como base su codigo IATA (<i>Puertos.codigoIATA</i>) aun así no es asimilada en el envió <i>masterConsignment.densityGroupCode</i></li></ul><p>Con lo anterior queda pendientes para trasmisión de quia máster y consulta de envió para guías Hijas (<i>House Waybill</i>)</p>', 1),
	(148, 1, 44, '2019-07-09', '<p>Recomendación de errores por parte del proveedor</p><ol><li>The measure unit code for the Gross Volume ‘GT’ is not correct.<br>&lt;ram:<strong>GrossVolumeMeasure</strong> unitCode="GK"&gt;<br>To be honest I don’t know the complet list, but you can use one of these ones :<br>CMQ (Cubic Centimetres)<ul><li><strong>FTQ </strong>(Cubic Feet)</li><li><strong>INQ </strong>(Cubic Inches)</li><li><strong>MTQ </strong>(Cubic Metres)</li></ul></li><li>The currency ID, which is USD, does not match with the destination currency code.<br>Set ‘USD’ instead of ‘XXX’ here :<br>&nbsp;&nbsp;&nbsp; &lt;ram:ApplicableDestinationCurrencyExchange&gt;<br>&nbsp;&nbsp;&nbsp;&nbsp;&nbsp; &lt;ram:TargetCurrencyCode&gt;<strong>USD</strong>&lt;/ram:TargetCurrencyCode&gt;<br>&nbsp;&nbsp;&nbsp;&nbsp;&nbsp; &lt;ram:MarketID&gt;XXXXXXXXXX&lt;/ram:MarketID&gt;<br>&nbsp;&nbsp;&nbsp;&nbsp;&nbsp; &lt;ram:ConversionRate&gt;0.00&lt;/ram:ConversionRate&gt;<br>&nbsp;&nbsp;&nbsp; &lt;/ram:ApplicableDestinationCurrencyExchange&gt;</li></ol><p>Para el uso de <strong>DensityGroupCode </strong>se toma la entidad <strong>TipoCarga</strong> se agrega el campo <i><strong>densityGroupCodes</strong></i> agregando el equivalente para envió en XML IATA<br>CM/BaseBundle/Entity/TipoCarga.php</p><p>Script para cargar equivalencia en <strong>TipoCarga (Revisar de manera externa para comprobación)</strong></p><p><i>UPDATE TipoCarga SET densityGroupCodes=2 WHERE &nbsp;id=1;</i><br><i>UPDATE TipoCarga SET densityGroupCodes=0 WHERE &nbsp;id=2;</i><br><i>UPDATE TipoCarga SET densityGroupCodes=8 WHERE &nbsp;id=3;</i><br><i>UPDATE TipoCarga SET densityGroupCodes=3 WHERE &nbsp;id=4;</i><br><i>UPDATE TipoCarga SET densityGroupCodes=9 WHERE &nbsp;id=5;</i><br><i>UPDATE TipoCarga SET densityGroupCodes=4 WHERE &nbsp;id=6;</i><br><i>UPDATE TipoCarga SET densityGroupCodes=2 WHERE &nbsp;id=7;</i><br><i>UPDATE TipoCarga SET densityGroupCodes=0 WHERE &nbsp;id=8;</i></p><p>Lista densityGroupCodes:</p><ul><li><strong>0:</strong> 160kg per mc or 10 lbs per cf&nbsp;<br>ruitHousehold Appliances Laboratory EquipmentLeather GlovesOptical MaterialTires — RubberVegetablesWigs</li><li><strong>1: </strong>300 kg per mc or 18.6 lbs per cf<br>CalculatorsCash RegistersDrugsFilmsHand ToolsMagnetic TapesPharmaceutical ProductsRadio Transmitting — TV EquipTelephone/Telegraph EquipmentTractor PartsTypewriters</li><li><strong>2: </strong>90 kg per mc or 5.6 lbs per cf<br>Athletic/Sporting GoodsConsolidationsFlowersFootwearGlasswareLeather BagsPlastic ProductsRadio Transmitting — TV EquipTelephone/Telegraph EquipmentTractor PartsToys</li><li><strong>3: </strong>120 kg per mc or 7.5 lbs per cf<br>Clothing/ApparelKnitted GoodsLive AnimalsMilitary PribagMusical InstrumentsPersonal EffectsRadioactive MaterialRubber ProductsWooden Articles</li><li><strong>4:</strong> 220 kg per mc or 13.8 lbs per cf<br>Advertising Signs/DisplaysCarpetsDiplomatic MailDocumentsElectrical Material/ApparatusElectronic Equipment/PartsFurs/FurskinsLive PlantsOffice MachinesRecording MachinesTape RecordersTextiles</li><li><strong>5:</strong> 60 kg per mc or 3.8 lbs per cf<br>AutomobilesLive BirdsLuggage — EmptySpeakers</li><li><strong>6: </strong>250 kg per mc or 15.6 lbs per cf<br>Aircraft PartsAuto PartsCameras/Camera EquipmentCosmeticsFood PreparationsHuman Remains — Not CrematedMedical InstrumentsMilitary Stores/ImpedimentsOffice SuppliesPaper ProductsToiletries</li><li><strong>8: </strong>400 kg per mc or 25 lbs per cf<br>AdhesivesChinawareCompressorsEngines, Diesel/CombustionFrozen MeatGeneratorsMachine PartsMagazines/PeriodicalsNewspapersPipe FittingsPrinted MatterWire Products</li><li><strong>9: </strong>600 kg per mc or 37.5 lbs per cf<br>BearingsBolts/Nuts/ScrewsBuilding MaterialChemical ProductsElectrical MotorsLeatherMachines IndustrialPaintPumping EquipmentRecordsValuables (Gold-Jewels-Coin)Watches</li><li><strong>10: </strong>950 kg per mc or 59.3 lbs per cf<br>Liquids</li><li>In cases where <strong>commodity </strong>is not adequately defined, density group <strong>6</strong> must be used.</li></ul><p>Se logra una trasmisión de guía máster <strong>satisfactoria</strong> se comienza a acomodar guía hija <i>(house waybill</i>) para envió a forma de testeo</p>', 1),
	(149, 1, 44, '2019-07-10', '<p>Creación de guía hija (<i>House Waybill</i>) para testeo de envió</p><p>Según proveedor error (<i><strong>unexpected input</strong></i>) se muestra por formato incompleto o falta de información<br>Error handling new message from queue: REST-API Error reading xml : Unexpected character \'-\' (code 45) in prolog; expected \'&lt;\'<br>at [row,col {unknown-source}]: [3,1]</p><p>Para evitar el error anterior mostrado tener en cuenta la configuración del nodo <i><strong>&lt;rsm:MessageHeaderDocument&gt;</strong></i></p><p>Para manejo de formato se agrega en la entidad <strong>Proveedores</strong> en campo <strong>country (paises) </strong>con el archivo <i>"Update Proveedores country.sql"</i><br><i><strong>CM/BaseBundle/Entity/Proveedores.php</strong></i></p><p>Se genera un encabezado correcto con un envió <strong>satisfactorio</strong> para la guía Hija.</p><p>Se retoma la base guía Máster para corregir o complementar información quemada junto con su verificación.</p><ul><li>Para registros asociado a volumen se usa <strong>MTQ </strong>(<i>Metro cubico m3</i>)</li><li>En el nodo <i>ConsignorParty PrimaryID schemeAgencyID="67" 67-1 2073 001 1 </i>Se agrega el registro de cargex ante la IATA</li><li>En el nodo <i>IncludedCustomsNote CountryID </i>se coloca como país Colombia <strong>CO</strong></li><li>En el nodo <i>ApplicableFreightRateServiceCharge CategoryCode</i> se clasifica el tipo de tarifa se que <strong>B "Carga básica"</strong></li><li>En el nodo <i>LinearSpatialDimension </i>se agrega las dimensiones si se tienes usando como medida <strong>CMT&nbsp;</strong></li><li>Revisar el nodo <i>AssociatedUnitLoadTransportEquipment </i>nodo vació pero puede ayudar este dato para el manejo de carga</li><li>Nodo de Item ahora se mantiene en <strong>1</strong> <i>IncludedMasterConsignmentItem</i></li><li>Donde podría ir la descripción del <strong>Due Carrier ?</strong></li></ul>', 1),
	(150, 1, 44, '2019-07-11', '<p>Revisión de formato guía hija (<i>House Waybill</i>)&nbsp;</p><ul><li>En el nodo <i>IncludedCustomsNote CountryID </i>se coloca como país Colombia <strong>CO</strong></li><li>Donde iria el <strong>Agent\'s IATA Code ?</strong></li><li>En el nodo <i>LinearSpatialDimension </i>se agrega las dimensiones si se tienes usando como medida <strong>CMT&nbsp;</strong></li><li>El cambio de moneda e el nodo <i>ApplicableOriginCurrencyExchange </i>se mantiene <strong>USD</strong></li><li>Acomodar el nodo <i>AssociatedConsignmentCustomsProcedure </i>para procesos adecuados de la carga</li><li>En el nodo <i>BusinessHeaderDocument IncludedHeaderNote ContentCode</i> en este se puede notar si es consolidado o crédito (se mantiene vació por ahora)</li></ul>', 1),
	(151, 1, 46, '2019-07-11', '<p>Se comienza envió (<i>Prototipo</i>) de guías máster XML pruebas usando como principio función base <strong>PHP curl_initde estru</strong><br>Para retorno de información se usa la función <strong>PHP</strong> <strong>xml_parser_create</strong><br>Lo anterior se genera para evitar dependencias generadas por Symfony y depender más de funciones nativas <strong>PHP</strong> "<i>Este para si primera versión</i>"</p><p>Se crea &nbsp;primer prototipo funcional para envió de XML para guía Máster y para envió de guía Hija <i><strong>(de momento se crea envió guía hija solo de un solo registro)</strong></i></p><p>Se determina envía por parte del usuario en caso de errores retorno un E-mail notificando (<i>Planteamiento teórico &nbsp;para su construcción</i>)</p>', 1),
	(152, 1, 46, '2019-07-12', '<p>Se crea modelos visual para envió de guía máster por parte del usuario y el estado de envió</p>', 1),
	(153, 1, 44, '2019-07-12', '<p>Creación estado de envió a la IATA en guía máster y hijas (<i><strong>entidad GuiaHija.php y GuiaMaster.php</strong></i>) se agrega campos <strong>shippingIATA y fechaIATA</strong><br><strong>CM/ReservasBundle/Entity/GuiaHija.php</strong><br><strong>CM/ReservasBundle/Entity/GuiaMaster.php</strong></p><p>Se crea notificación de errores por E-mail al no identificar nodo de confirmación de mensaje</p><ul><li><strong>Nodo:</strong> <i>REASON</i></li><li><strong>Valor:</strong> <i>Message received by Air France KLM</i></li></ul>', 1),
	(154, 1, 46, '2019-07-15', '<p>Se diseña envió de guía hija por medio de la vista reserva en guía máster (<i>envió una a una</i>) junto con su estado de envió (Boolean)&nbsp;</p>', 1),
	(155, 1, 44, '2019-07-15', '<p>Se comienza creación de guía despliegue del proyecto los siguientes son punto pendientes a aclarar por el proveedor</p><ul><li>Consulta si se puede saber cual registro de guías (<i>máster e hijas</i>) &nbsp;por parte de sistema <strong>KLM</strong></li><li>Para <strong>Piezas</strong> que se usaría en los nodos relacionados <i><strong>unitCode</strong>="PZ"</i> de momento se usa <strong>PZ</strong></li><li>Comentarios de "<i><strong>Other Charges</strong></i>" a que nodo pertenece</li></ul><p>Se crea rama <strong>EAWB</strong> con base en rama <strong>master </strong>(<i>15/07/2019</i>)</p>', 1),
	(156, 1, 44, '2019-07-16', '<p>Se plantea envió de guías (<i>máster e hija</i>) con fechas previas al modo producción del sistema IATA KLM, de las pruebas se da a entender un permiso de activación el cual se solicitara al momento de aclarar dudas del formato con el proveedor<br>Con las pruebas realizadas se mantiene inactivo en estado de <strong>producción</strong> en el sistema aun pendiente de su solicitud.</p><p><strong>HOST</strong><i><strong>: </strong>https://api.airfranceklm/cargoxml-message...</i><br><strong>Resutado: </strong><i>Could not resolve host: api.airfranceklm</i></p><p><strong>HOST</strong><i><strong>: </strong>https://api.airfranceklm.com/...</i><br><strong>Resutado:&nbsp;</strong>Developer Inactive</p><p>Se agrega <strong>Accounting Information</strong> (<i>nodo IncludedAccountingNote</i>) remplazando caracteres "<i><strong>&lt;br&gt; &lt;/br&gt;</strong></i>" por "<strong>|</strong>" (<i>no se admiten en el formato html</i>)</p><p>&nbsp;</p>', 1),
	(157, 1, 44, '2019-07-17', '<p>Por la aclaración de proveedor las <strong>piezas </strong>no se requiere sub nodo <strong>(</strong><i>unitCode="PZ"</i><strong>)</strong> se elimina de guía hija.</p><p>Para el campo <strong>Other Charges (</strong><i>Due Agen, Due Carrier</i><strong>)</strong> se usa el nodo <i>MasterConsignment ApplicableLogisticsAllowanceCharge</i> en guía máster,<br>el nodo actual también aplica para guía hija <strong>(</strong><i>de momento no se usa en guía hija</i><strong>)</strong></p>', 1),
	(158, 1, 47, '2019-07-17', '<h4><strong>CSR</strong></h4><p>Generar CSR con la siguiente información:</p><ul><li><strong>Common Name: </strong>test.cargex.co</li><li><strong>Country (two-letter code): </strong>CO "Colombia CO / COL 57"</li><li><strong>State (or province): </strong>Cundinamarca</li><li><strong>Locality (or city):</strong> Bogota</li><li><strong>Organization:</strong> Cargex S.A</li><li><strong>Organizational Unit (Department): </strong>Cargex S.A</li><li><strong>E-mail address: </strong>julian.poveda@cargex.com.co</li><li><strong>Password: </strong>transflora2017</li></ul><p>El certificado se genera en pruebas <i><strong>test.cargex.co 2022 (</strong>52.27.144.84<strong>)</strong></i><strong> </strong>con el siguiente comando<br><i><strong>openssl req -new -newkey rsa:2048 -nodes -keyout server.key -out server.csr</strong></i></p><blockquote><p><i>Conexión a pruebas</i> <i><strong>ssh -i C:\\\\ssh\\\\cargex_dev_key.pem ec2-user@52.27.144.84 -p 2022</strong></i></p></blockquote><p>Del anterior comando surgen dos (2) archivos <i>server.key</i> y <i>server.csr</i></p><p>En el siguiente enlace se usa para generar el certificado<strong> (</strong><i>específicamente el archivo server.csr</i><strong>)</strong><br><a href="https://ap.www.namecheap.com/domains/ssl/activate/7133659/domainName/productlist">https://ap.www.namecheap.com/domains/ssl/activate/7133659/domainName/productlist</a></p><p>Al seguir los pasos para activas el certificado tener en cuenta su creación por <strong>DCV</strong><br>Recordar la creación de CNAME&nbsp;en el dominio para el ejercio se genero el siguiente</p><blockquote><p>The values of the CNAME record required for the DNS validation of your SSL certificate are the following:<br>Host (Name): _4499F209D20337C9C6F315B995B5A0D5<br>Target (CNAME): 1AD8F99D9BF44266DCFB6599ADC13497.8987D9BE754D3B539AE5F34EF6F391BF.5d2f5b151084a.comodoca.com</p></blockquote><p>Referencia de instalación en :<strong> </strong><a href="https://www.namecheap.com/support/knowledgebase/article.aspx/9446/14/generating-csr-on-apache--opensslmodsslnginx--heroku">https://www.namecheap.com/support/knowledgebase/article.aspx/9446/14/generating-csr-on-apache--opensslmodsslnginx--heroku</a></p>', 1),
	(159, 1, 44, '2019-07-18', '<p><strong>Agent\'s IATA Code</strong> se compone de dos nodos:</p><ul><li>Nodo <i>FreightForwarderParty.CargoAgentID </i>(7 dígitos)</li><li>Nodo <i>FreightForwarderParty.SpecifiedCargoAgentLocation.ID</i> (4 dígitos)</li></ul><p>Para guía hija solo se usa el nodo <i>FreightForwarderParty.CargoAgentID</i> con el código <strong>7612073</strong></p><p><strong>Nota:</strong> En el retorno se puede identificar un <strong>ID</strong> único de registro de momento no se almacena por desconocimiento de como usar</p><p>Configuración de vista para <strong>Proveedores</strong> con el fin de crear y editar país <strong>(country)</strong><br><i><strong>CM/CaseBundle/Form/ProveedoresType.php</strong></i></p><p>Actualización de proveedores <strong>(country)</strong> queda pendientes 5 registros</p>', 1),
	(160, 1, 47, '2019-07-18', '<h4><strong>Instalar certificado</strong></h4><p>Se debe descargar los archivos de certificado (<i>Como ejemplo los siguientes archivos</i>)</p><ul><li>server.key (<i>Este surge de la creación de <strong>CSR</strong></i>)</li><li>test_cargex_co.crt</li><li>test_cargex_co.ca-bundle</li></ul><p>Recordad habilitar el puerto <strong>443</strong> luego se debe configurar&nbsp;</p><ol><li><strong>nano /etc/nginx/nginx.conf</strong></li><li>Ubicar el segmento "<strong>server {</strong>" se encuentra configurado el puerto 80 "<strong>listen 80;</strong>"</li><li>Dentro de las llaver "<strong>{}</strong>" se configura el puerto 443 "<strong>listen 443</strong>"</li><li>Seguido se agrega la su configuración certificados&nbsp;<br><i><strong>ssl_certificate /etc/nginx/ssl/cargex/test_cargex_co.crt;</strong></i><br><i><strong>ssl_certificate_key /etc/nginx/ssl/cargex/server.key;</strong></i></li><li>Se reinicia el servicio "<i><strong>service nginx restart</strong></i>"</li><li>Se tendrá que comprobar el acceso correcto, Como ejemplo:<ul><li>http://test.cargex.co/login</li><li>https://test.cargex.co/login</li></ul></li></ol><p><strong>Nota:&nbsp;</strong>Si se requiere solo el uso por entrada segura (<i><strong>https</strong></i>) se agrega en su configuración de puerto la línea <strong>ssl on;&nbsp;</strong>esta desactiva la entrada del puesto 80.</p>', 1),
	(161, 1, 44, '2019-07-19', '<h4><strong>Pendiente de revisión (por parte de tercero desarrollador Cargex)</strong></h4><p>Revisión para <strong>Guía Máster y Hija</strong></p><ul><li>&lt;<i>ram:ModeCode&gt;0&lt;/ram:ModeCode</i>&gt; Código del Modo de Transporte.<strong> ??</strong></li><li>&lt;r<i>am:SequenceNumeric&gt;0&lt;/ram:SequenceNumeric</i>&gt; Es es importante tal vez me da la pauta de los items pero aun no estoy seguro</li><li>&lt;<i>ram:ApplicableDestinationCurrencyExchang</i>e&gt; Tener en cuenta este modulo para envíos si se requiere <strong>TRM (</strong>Moneda de destino<strong>)</strong></li><li>&lt;<i>ram:ApplicableLogisticsAllowanceCharge</i>&gt; Nodo para costos operativos de momento vació <strong>(</strong>Detalles de otros cargos<strong>)</strong></li><li>&lt;<i>ram:ApplicableDestinationCurrencyServiceCharge</i>&gt; Tarifa de servicio de moneda de destino aplicable <strong>(</strong>Cobrar cargos en la moneda de destino<strong>)</strong></li><li>&lt;<i>ram:AssociatedReferenceDocument</i>&gt; Referente a documentos asociados hay que revisar de-momento es referente así mismo&lt;<i>ram:TypeCode&gt;&lt;/ram:TypeCode</i>&gt;</li><li>&lt;<i>ram:TotalChargePrepaidIndicator</i>&gt; este campo se envía falso <i><strong>valor prepago</strong></i> por no tener claridad que valor se podría enviar asociado<br>Código que indica si el pago de valoración de peso se realizará en origen (<strong>prepaid</strong>) o en destino (<strong>collect</strong>)</li><li>Uso del nodo <i>ApplicablePrepaidCollectMonetarySummation</i> por guía <strong>Prepaid </strong>y <strong>Collect (</strong>Indicador<strong>)</strong></li><li>&lt;<i>ram:ConversionRate</i>&gt;Tasa de cambio</li><li>&lt;<i>ram:TransportLogisticsPackage</i>&gt; Logística de transporte <strong>(Camiones)</strong></li></ul><p>Revisión solo para <strong>Guías Hijas.</strong></p><ul><li><i>&lt;ram:&gt; &lt;ram:TotalChargeAmount</i> Se envía en cero 0</li><li>&lt;<i>ram:TaxTotalChargeAmount currencyID="USD"</i>&gt; Impuestos por ahora en cero <strong>(</strong>Indica el importe del impuesto aplicable.<strong>)</strong></li></ul><p>&nbsp;</p>', 1),
	(162, 1, 44, '2019-07-26', '<p>Se compensan pruebas instancia de pruebas</p><ul><li>Instalación de certificado <strong>SSL</strong></li><li>Descarga y pruebas de la rama <strong>EAWB</strong></li></ul><blockquote><p><i>ssh -i C:\\\\ssh\\\\cargex_dev_key.pem ec2-user@</i>52.27.144.84<i> -p 2022</i></p></blockquote><p><strong>Pruebas:</strong></p><ul><li>Rama <strong>EAWB</strong> funciona con Script &nbsp;SQL asociados para esta actualización y notificación de errores (<i>E-mail</i>).</li><li>Para la instalación de certificado <strong>SSL</strong> para lo anterior se tiene que tener en cuenta la dirección relacionada al certificado</li></ul>', 1),
	(163, 1, 48, '2019-07-31', '<p>En el controlador <i><strong>Tracking</strong></i> se comienza la consulta de cultivos relacionados a la reserva. funciones relacionadas:</p><ul><li>getContactsCulture</li><li>getContactsCustomerAction</li></ul><p>Se adapta la vista para el uso de notificación por cultivo usando de manera igual a la notificación principal</p><p><strong>Nota:</strong> Tener en cuenta que no se puede editar los E-mail cliente cultivos para envió tracking por parte del perfil <strong>Tracking </strong>por tanto se debe cargar de forma separada en la entidad <strong>clienteNotificacion</strong> de <i>tipoNotificacion</i> = 3 con los contactos correspondiente del cultivo para su notificación aun así son editables temporalmente los E-mail al momento del envió por parte del usuario.</p>', 1),
	(164, 1, 51, '2019-08-27', '<p>Se comienza descargando rama <strong>master</strong> para unir a rama <strong>EAWB</strong> y cargar a la misma rama <strong>EAWB (</strong><i><strong>Id registro gir 73cceac22</strong></i><strong>)</strong></p>', 1),
	(165, 1, 49, '2019-08-27', '<p>Se comienza a aptar función <i><strong>xmlShippingAction </strong></i>del controlador <strong>ReservasController </strong>para confirmación de registro al momento de su envió satisfactorio</p><p>Se agrega usuario quien realizo envió en mensaje de notificación. Se busca un impresión del XML de forma más comprensible</p>', 1),
	(166, 1, 49, '2019-08-28', '<p>Se comienza a fragmentar información del <strong>XML </strong>enviado para su entendimiento practico.</p><p>Creación función <i><strong>readXML </strong></i>en el controlador <strong>ReservasController</strong> con atributo $xml (<i>envió datos XML</i>) retornando texto HTML para su lectura rápida<br>lo anterior función se aplica tara envió satisfactorio (<i>se notifica XML enviado</i>) y para errores (<i>se notifica XML de error retornado por KLM</i>)</p>', 1),
	(167, 1, 50, '2019-08-28', '<p>Para su validación se tiene en cuenta la tabla <strong>Proveedores </strong>y su campo <i><strong>codigoIata</strong></i></p><p>Se agrega en la tabla <strong>Proveedores </strong>solo para validación pero pensado a futuro para agregar otras plantillas y otro direccionamiento.<br>se comienza con validación por controlador <strong>ReservasController</strong> en su función <i><strong>xmlShippingAction</strong></i> para envió.</p>', 1),
	(168, 1, 50, '2019-08-29', '<p>Bajo las plantillas bases su usaba como texto "<strong>XXXXXXXXXX</strong>" este para identificar campo incompletos pero no obligatorios, por sugerencia del proveedor se solicita la eliminación de estos textos lo cual se realiza en las plantillas<strong> hxmlIATA.xml.twig</strong> y <strong>xmlIATA.xml.twig</strong> (<i>CM/ReservasBundle/Resources/views/Reservas</i>)</p><p>Se comienza a trabajar con <i>path</i> por parte de la entidad <strong>Proveedor</strong></p><p><strong>Nota: </strong>Recordar siempre el <i>path</i> relacionado en Proveedores simple tiene que tener en su función 2 parámetros (<i>Permitiendo compartir una función de envió para master e hija</i>)</p><ul><li><strong>id:</strong> identificación de guía mas o hija</li><li><strong>tipo: </strong>identificación (<i>texto</i>) de el tipo de guía (<i><strong>master, hija</strong></i>)</li></ul><p>En la función <strong>reservaCajasAction</strong> en el controlador <i><strong>GuiaMasterController</strong></i> se agrega consulta de proveedor relacionado para manejo envió de guías hijas</p>', 1),
	(169, 1, 50, '2019-08-30', '<p>Se deja los campos en la entidad <strong>Proveedor </strong>de momento no funcionales pero preparados para futuro modelo mas dinámico para futuros envíos a otras aerolíneas.</p><ul><li><strong>path:</strong> Campo cual permite direccionar la función encargada del envió de guía &nbsp;con parámetros (<i><strong>id: </strong>Identificación del registro, <strong>tipo:</strong> tipo de guía "master, hija"</i>)</li><li><strong>twig: </strong>Plantilla (XML, HLM) la cual permitirá formar la estructura para envió.</li><li><strong>sendUrl:</strong> URL donde se requiere el envió de guía.</li></ul>', 1),
	(170, 1, 53, '2019-08-30', '<p>Creación de registro <strong>EAWB (6) </strong>en<strong> </strong>la entidad <strong>TipoNotificacion</strong> para normalizar y control de forma dinámica para la función <strong>xmlShippingAction</strong> en el controlador <i><strong>ReservasController</strong></i></p><p>Carga de archivos en la rama <strong>EAWB (</strong><i>35ad5db76</i><strong>)</strong> recordar este se asocia al manual del pliegue E-AWB versión 0.2<br>se comienza con descarga de rama <i><strong>master </strong></i>seguido de la rama <i><strong>EAWB</strong></i> para comprobar comportamiento en la unión de ramas</p><p><strong>Rama master en estado:</strong><br>* <strong>master </strong>6ad42b1f5 Se incluye el Tipo Factura de Aerolineas en la creación de la factura manual</p>', 1),
	(171, 1, 54, '2019-08-30', '<p>Se crea manual despliegue (<i>versión 0.2</i>) para la rama <strong>EAWB </strong>en el registro <strong>id: </strong><i>35ad5db76</i></p>', 1),
	(172, 1, 53, '2019-09-03', '<p>Planteamiento para nombre de campos usados para plantillas &nbsp;XML.</p><ul><li>Propiedades de la entidad se <strong>descarta </strong>por no contar con una especifica para ello</li><li><strong>Serializer:</strong> para traducir XML se <strong>descarta </strong>&nbsp;por error (<i>Out of memory</i>) de memoria l momento de instala lo necesario para su uso (<i>composer require symfony/serializer</i>)</li><li>Descripción en el XML forzado por un parámetro si es requerida su descripción (Tendría que renderizar 2 veces el XML para este)</li></ul><p>Se comienza primer prototipo para agregar <strong>descripción </strong>de XML a un lenguaje mas accesible por medio de la plantillas (<i>hxmlIATA.xml.twig</i>) este atributo se activa en la función <i><strong>HxmlrAction </strong></i>(<i>con el segundo atributo TRUE</i>) enfocado en datos relevantes.</p>', 1),
	(173, 1, 52, '2019-09-02', '<p>Se comienza con vista (<i>index</i>) para el manejo de <strong>Proovedores</strong> junto con el diseño de formulario de creación</p>', 1),
	(174, 1, 53, '2019-09-04', '<p>Se agregar <strong>descripción </strong>de XML a un lenguaje mas accesible por medio de la plantillas (<i>xmlIATA.xml.twig - hxmlIATA.xml.twig</i>) este atributo se activa en la función <i><strong>HxmlrAction y </strong></i><strong>X</strong><i><strong>mlrAction&nbsp; </strong></i>(<i>con el segundo atributo TRUE</i>) enfocado en datos relevantes.</p><p><strong>Nota:</strong> estos atributos son solo para notificación de información (<i><strong>E-mail</strong></i>)<i><strong> </strong></i>pero no para trasmisión (<i>KLM</i>)<br>también se agrega en la descripción la palabra "<i><strong>IMPORTANTE</strong></i>" para campos que se requiere su observación en &nbsp;cuanto al desarrollo de información enviada, "<strong>Lista</strong>" para los nodos que tiene que llenarse en base a un lista de datos especifico y "<strong>No usado</strong>" para nodo aun sin uso especifico.</p><p>Se cargan cambios rama <strong>EAWB </strong>empatando con la rama <strong>master (</strong><i>04/09/2019</i><strong>) </strong>esta versión instalada con el manual despliegue E_AWB (0.2)</p>', 1),
	(175, 1, 52, '2019-09-05', '<p>Creación de formulario de Edición y creación junto con su manejo (<i>formato visual</i>)</p>', 1),
	(176, 1, 52, '2019-09-06', '<p>Creación y edición de <strong>Proveedores</strong></p>', 1),
	(177, 1, 54, '2019-09-06', '<p>Creación de archivo <i><strong>Manual usuario E-AWB(0.1).docx</strong></i></p>', 1),
	(178, 1, 54, '2019-09-09', '<p><strong>Manual usuario E-AWB(0.2) </strong>Para trasmición de guía (IATA)</p>', 1),
	(179, 1, 52, '2019-09-09', '<p>Adaptación de modulo <strong>Proveedor</strong> dentro de los nuevo estándares (<i>Minificar</i>)&nbsp;</p>', 1),
	(180, 1, 52, '2019-09-10', '<p>Unión con la rama <strong>EAWB </strong>para manejo de proveedores empalmando con rama <strong>master(</strong><i>10/09/2019</i><strong>)</strong></p>', 1),
	(181, 1, 54, '2019-09-10', '<p>Carga y creación de manuales y archivos</p><ul><li>Manual usuario PROVEEDORES(0.1)</li><li>Manual usuario E-AWB(0.2)</li><li>Manual de despliegue E-AWB (0.3)</li><li>Update Proveedores city.sql</li><li>Update Proveedores country.sql</li></ul>', 1),
	(182, 1, 55, '2019-09-11', '<p>Se genera marca de agua en las plantillas (<i>awb.html.twig, contract.html.twig</i>) con nuevo parámetro "<strong>eawb</strong>" generando marca de agua invalidando la guía para la aerolínea correspondiente.</p><p>Se cargan cambios en la rama <strong>EAWB</strong></p>', 1),
	(183, 1, 56, '2019-09-16', '<p>Edición de <strong>aeropuerto </strong>(<i><strong>Proveedor</strong></i>) en guía máster</p>', 1),
	(184, 1, 56, '2019-09-17', '<p>Mejora diseño en vista <strong>Proveedor</strong></p>', 0),
	(185, 1, 57, '2019-09-18', '<p>Se genera documentación con el siguiente enlace:</p><p><a href="https://developers-dot-devsite-v2-prod.appspot.com/maps/documentation/javascript/examples/geometry-headings">https://developers-dot-devsite-v2-prod.appspot.com/maps/documentation/javascript/examples/geometry-headings</a></p><p>Las mejores opciones o complemento dentro de la documentación son:</p><ul><li>Simple Polylines</li><li>Removing Polylines</li><li>Deletenig Vertex</li><li>Custom Popups</li><li>Animating Symbols =&gt; animació</li><li>Custom Symbols (Polyline) &nbsp;=&gt; puntos dibujados</li><li>Dashed Line Symbols (Polyline) =&gt; linea con rallas</li><li>Data Layer: Drag and Drop GeoJSON =&gt; tipo de mapa</li><li>Navigation Functions (Heading) =&gt; parabola mapa mundi</li></ul><p>Pagina para comprar credencial <a href="https://console.cloud.google.com/apis/credentials">https://console.cloud.google.com/apis/credentials</a></p>', 1),
	(186, 1, 57, '2019-09-23', '<p>Se plante a forma para ordenar dirección de icono (<i>avión</i>) al momento de dibujar plano en el mapa.</p><p>Acorde a distancia (<i>entre origen y destino</i>) se genera acercamiento del mapa junto a escala de icono (<i>avión</i>)</p>', 1),
	(187, 1, 58, '2019-09-24', '<p>Primera adaptación para desarrollo (Minificar) y listado de datos</p>', 1),
	(188, 1, 58, '2019-09-25', '<p>Adaptación de funciona para manejo de tracking</p><ul><li>Listado de registros</li><li>Diseño formulario creación y edición de registros</li></ul>', 1),
	(189, 1, 58, '2019-09-26', '<p>Adaptación de funciona para manejo de tracking</p><ul><li>Listado de registros funcional</li><li>Diseño formulario creación y edición de registros funcional</li></ul>', 1),
	(190, 1, 58, '2019-09-27', '<p>Adaptación de funciona para manejo de tracking</p><ul><li>Carga de información actualizada</li><li>Eliminar registro de vuelo</li><li>Cambio de estatus de vuelo para la guía</li><li>Primer diseño para notificación estado de vuelo</li></ul>', 1),
	(191, 1, 58, '2019-09-30', '<p>Mejora de la función <i><strong>getContactsCustomerAction</strong></i> en el controlador <i>TrackingController</i> se mejora para consulta para notificar actores (retornados en formato JSON explicada su división a continuación)</p><ul><li><strong>Client:</strong> (<i>consignee</i>) Cliente principal se notificara con su parte de la carga en el caso de ser consolidad</li><li><strong>Culture: </strong>Cultivos relacionados (<i>por el consigneeId</i>)</li><li><strong>Broker:</strong> Broker (<i>consignatario</i>) relacionado quien recibe la carga</li></ul>', 1),
	(192, 1, 58, '2019-10-01', '<p>Organización de vista para la notificación por actores (<i>client, culture y broker</i>)<br>Creación de E-mail temporal o E-amil en (<i>ClienteNotificacion</i>) para clientes</p>', 1),
	(193, 1, 58, '2019-10-02', '<p>Creación de E-mail temporal o guardar E-amil (<i><strong>ClienteNotificacion</strong></i>) para cultivos y broker relacionados a la guía<br>Se acomoda el mapa de ubicación&nbsp;</p>', 1),
	(194, 1, 58, '2019-10-03', '<p>Se agrega opción <strong>próximo vuelo</strong> dentro del listado &nbsp;de registro<br>Se adapta mapa (<i>google map</i>) a modo de imagen para su pronto envió</p>', 1),
	(195, 1, 58, '2019-10-16', '<p>Se agrega <i><strong>TrackingRepository </strong></i>para simplificación de consulta</p>', 1),
	(196, 1, 57, '2019-10-04', '<p>Se genera mapa (<i>google map</i>) usando función <strong>staticmap</strong> para captura de imagen y envió</p>', 1),
	(197, 1, 60, '2019-10-04', '<p>Chequeo funcional para selección de envió (<i>SEND CLIENT, SEND CULTURE, SEND BROKER</i>) junto con <i>URL </i>de imagen ubicando vuelo relacionado.<br>Edición completa par notificación (<i>tipo tracking</i>) para cliente, cultivos y broker en la vista de envíos acorde a la necesidad para guardado y envió temporal como para almacenamiento de E-mail de contacto&nbsp;</p><p>Se agrega campo para adjunto de archivos (<i>un no funcional</i>)<br>Primer plano para diseño planteando idea de E-mail a modo de linea de tiempo</p>', 1),
	(198, 1, 60, '2019-10-08', '<p>Se comienza consulta para manejo de archivo por medio de envió ajax de forma simple</p>', 1),
	(199, 1, 60, '2019-10-09', '<p>Envió satisfactorio con parámetros por usuario e imagen de ubicación</p><p>Genera campo para carga de archivo adjunto a la notificación con los siguientes atributos:</p><ul><li>Archivo se carga y valida</li><li>Archivo se elimina o descarta</li><li>Aun no se realiza el envió adjunto</li></ul>', 1),
	(200, 1, 60, '2019-10-10', '<p>Envió de notificación adjunto relacionado</p><p>Creación de filtros en la lista&nbsp;</p>', 1),
	(201, 1, 58, '2019-10-17', '<p>Se comienza remplazo de consultas dentro de <strong>TrackingController </strong>para asociar repositorios (<i>GuiaMaster y Reservas</i>)</p>', 1),
	(202, 1, 61, '2019-10-18', '<p>Se comienza la creación de sitio púbico (<i>app/config/security.yml</i>)<br>-&nbsp;{&nbsp;path:&nbsp;^/tracking/public,&nbsp;role:&nbsp;IS_AUTHENTICATED_ANONYMOUSLY&nbsp;}</p><p>Se comienza creación de <strong>token </strong>por reserva usando como tal MD5 (<i>base de datos</i>) en la entidad <strong>Reserva</strong> (<i>Nuevo campo <strong>publicKey</strong></i>)</p><ul><li><strong>reserva_after_insert:</strong> En el trigger se agrega linea para adición del campo publicKey uniendo por MD% los campo id y guiaMasterde la misma tabla (<i>Reserva</i>)</li></ul>', 1),
	(203, 1, 61, '2019-10-21', '<p>Se crea en la entidad <strong>Reserva</strong> el campo <i><strong>publicKey </strong></i>para la creación de id único con base en MD5 (<i>SQL</i>) combinando en este el id de <i>reserva </i>del registro con el id de <i>guiamaster </i>relacionada.</p><p>Se crea <i><strong>Trigger </strong>reserva_before_update </i>para la creación de llave publica <i><strong>publicKey&nbsp;</strong></i>al momento de editar el registro de reserva solo para reservas con guiaMaster (reserva_before_update.sql)</p>', 1),
	(204, 1, 61, '2019-10-22', '<p>Verificación de trigger <strong>reserva_before_update</strong> para la creación de llaves publicas</p><p>Relación de llave publica al momento de su consulta por la URL<br><a href="http://cargex.localhost/app_dev.php/tracking/public/e115e0c1094a82daafcebee9fd5719e1">http://cargex.localhost/app_dev.php/tracking/public/&lt;llave publica&gt;</a></p><p>Creación de vista publica con el siguiente manejo:</p><ul><li>Validación de retorno en caso de no encontrar llave publica</li><li>Creación de consulta para la muestra de información (<i>similar a tracking aéreo</i>)<ul><li>Solo con información base de la reserva</li><li>Información de vuelos relacionados a la reserva</li></ul></li><li>Mapa generado en la función <strong>publicAction </strong>solo con origen y destino</li></ul>', 1),
	(205, 1, 59, '2019-10-22', '<p>Se define diseño de notificación E-mail y Landing Page&nbsp;</p>', 1),
	(206, 1, 59, '2019-10-23', '<p>Creación de primer prototipo para pagina publica</p><ul><li>Linea de tiempo con trayectoria de vuelo.</li><li>Información general</li><li>Imagen de vuelo o de origen destino</li></ul>', 1),
	(207, 1, 59, '2019-10-24', '<p>Se comienza a dar una importancia mas útil y visual al campo novedad dentro de tracking</p><ul><li>Relación de vuelo si la novedad es <strong>CARGA PARCIAL</strong></li><li>Manejo de diseño según el tamaño y la cantidad de vuelos</li><li>Notas u observaciones de vuelos relacionadas en el detalle (<i><strong>notes</strong></i>)</li><li>Mapa responsive (<i>img-fluid</i>)</li></ul><p>Se compensa creación de notificación E-mail</p>', 1),
	(208, 1, 59, '2019-10-25', '<p>Se genera diseño y se implementa para notificación de E-mail&nbsp;</p><ul><li>Aun que similar no maneja los mismos parámetros que la pagina publica</li><li>Para el manejo de iconos se agrega como imágenes (<i>enbe</i>)</li><li>Se maneja estética de linea de tiempo</li><li>Linea de tiempo vertical solo en el caso de tener mas de cinco (5) vuelos de lo contrario se mantiene horizontal</li><li>Detalle o notas de vuelo se en-lista aparte para mantener la estética de la linea de tiempo</li><li>Mapa y firma (<i>Usuario</i>) en la parte final del E-mail</li></ul>', 1),
	(209, 1, 62, '2019-10-28', '<p>Se comienza la adaptación en base a la etiqueta anterior generar código <strong>QR </strong>si la reserva contienen acceso publico (<i><strong>PublicKey</strong></i>) de lo contrario se mantiene con el código de barras anterior.</p><p>El anterior código publico se relaciona con el acceso publico (<i>Tracking</i>) para visualizar el estado y detalle de vuelos</p>', 1),
	(210, 1, 63, '2019-10-29', '<p>Se genera script SQL para análisis de usuario (<i>Cultivos</i>) que necesiten contactos para tracking (<i><strong>ClienteNotificacion </strong>tipoNotificacion = 3</i>)</p><blockquote><p><i>SELECT c.id, c.razon_social, &nbsp;</i><br><i>(&nbsp;</i><br><i>&nbsp; &nbsp;SELECT COUNT(id) FROM ClienteNotificacion WHERE cliente = c.id&nbsp;</i><br><i>) emails,&nbsp;</i><br><i>(&nbsp;</i><br><i>&nbsp; &nbsp;SELECT COUNT(id) FROM ClienteNotificacion WHERE cliente = c.id AND tipoNotificacion = 3&nbsp;</i><br><i>) emailsTracking,&nbsp;</i><br><i>c.email&nbsp;</i><br><i>FROM Reserva r &nbsp;</i><br><i>INNER JOIN Cliente cu ON cu.id = r.cultivo&nbsp;</i><br><i>INNER JOIN Cliente c ON c.id = cu.cliente&nbsp;</i><br><i>LEFT JOIN ClienteNotificacion cn ON cn.cliente = c.id&nbsp;</i><br><i>GROUP BY c.id;</i></p></blockquote><p>Se descarga Cliente con E-mail de tracking existente</p><p>Se genera <i><strong>CSV</strong></i> para creación de registro en la tabla <strong>ClienteNotificacion </strong>a partir de este se genera archivo excel y .SQL para carga de E-mail para notificación de cultivos en tracking</p><ul><li>email_cultivos.xlsx</li><li>email_cultivos.sql</li></ul>', 1),
	(211, 1, 62, '2019-11-01', '<p>Se genera primeras pruebas en sistemas <a href="http://development.cargex.co/">http://development.cargex.co</a> con el objetivo de configurar dimensiones de impresión</p>', 1),
	(212, 1, 63, '2019-11-05', '<p>Se genera script SQL para análisis de usuario (Broker) que necesiten contactos para tracking (<i><strong>ClienteNotificacion </strong>tipoNotificacion = 3</i>)</p><blockquote><p><i>SELECT c.id, c.razon_social, &nbsp;&nbsp;</i><br><i>( &nbsp;</i><br><i>&nbsp; SELECT COUNT(id) FROM ClienteNotificacion WHERE cliente = c.id &nbsp;</i><br><i>) emails, &nbsp;</i><br><i>( &nbsp;</i><br><i>&nbsp; SELECT COUNT(id) FROM ClienteNotificacion WHERE cliente = c.id AND tipoNotificacion = 3 &nbsp;</i><br><i>) emailsTracking, &nbsp;</i><br><i>c.email &nbsp;</i><br><i>FROM Reserva r &nbsp;&nbsp;</i><br><i>INNER JOIN GuiaMaster gm ON gm.id = r.guiaMaster &nbsp;</i><br><i>INNER JOIN Cliente bk ON bk.id = gm.broker &nbsp;</i><br><i>INNER JOIN Cliente c ON c.id = bk.cliente &nbsp;</i><br><i>LEFT JOIN ClienteNotificacion cn ON cn.cliente = c.id &nbsp;</i><br><i>GROUP BY c.id;</i></p></blockquote><p>Se genera reporte, se descarta cliente quienes tiene ya registro en <i><strong>ClienteNotificacion </strong></i>para tracking, a los demás registro se genera SCRIPT para su notificación E-mail</p><ul><li>email_broker.xlsx</li><li>email_broker.sql</li></ul>', 1),
	(213, 1, 58, '2019-11-07', '<p>Se genera <i><strong>TrackingRepository </strong></i>&nbsp;atado a la enttidad <strong>Tracking </strong>con el fin de mantener la base de consultas centralizada</p>', 1);
/*!40000 ALTER TABLE `hacer` ENABLE KEYS */;

-- Volcando estructura para tabla scrum.proyecto
CREATE TABLE IF NOT EXISTS `proyecto` (
  `id` bigint(20) NOT NULL AUTO_INCREMENT,
  `nombre` varchar(120) NOT NULL,
  `inicio` date NOT NULL,
  `fin` date NOT NULL,
  `prioridad` int(10) NOT NULL DEFAULT '0',
  PRIMARY KEY (`id`)
) ENGINE=InnoDB AUTO_INCREMENT=2 DEFAULT CHARSET=latin1;

-- Volcando datos para la tabla scrum.proyecto: ~1 rows (aproximadamente)
DELETE FROM `proyecto`;
/*!40000 ALTER TABLE `proyecto` DISABLE KEYS */;
INSERT INTO `proyecto` (`id`, `nombre`, `inicio`, `fin`, `prioridad`) VALUES
	(1, 'Guias Hijas', '2019-01-01', '2019-03-29', 2);
/*!40000 ALTER TABLE `proyecto` ENABLE KEYS */;

-- Volcando estructura para tabla scrum.proyecto_targeta
CREATE TABLE IF NOT EXISTS `proyecto_targeta` (
  `proyecto_id` bigint(20) NOT NULL,
  `targeta_id` bigint(20) NOT NULL,
  `porcentaje` int(10) NOT NULL
) ENGINE=InnoDB DEFAULT CHARSET=latin1;

-- Volcando datos para la tabla scrum.proyecto_targeta: ~1 rows (aproximadamente)
DELETE FROM `proyecto_targeta`;
/*!40000 ALTER TABLE `proyecto_targeta` DISABLE KEYS */;
INSERT INTO `proyecto_targeta` (`proyecto_id`, `targeta_id`, `porcentaje`) VALUES
	(1, 1, 40),
	(1, 3, 20),
	(1, 5, 40);
/*!40000 ALTER TABLE `proyecto_targeta` ENABLE KEYS */;

-- Volcando estructura para tabla scrum.reporte
CREATE TABLE IF NOT EXISTS `reporte` (
  `id` bigint(20) NOT NULL AUTO_INCREMENT,
  `targeta_id` bigint(20) NOT NULL,
  `fecha` date NOT NULL,
  PRIMARY KEY (`id`)
) ENGINE=InnoDB AUTO_INCREMENT=10 DEFAULT CHARSET=latin1;

-- Volcando datos para la tabla scrum.reporte: ~2 rows (aproximadamente)
DELETE FROM `reporte`;
/*!40000 ALTER TABLE `reporte` DISABLE KEYS */;
INSERT INTO `reporte` (`id`, `targeta_id`, `fecha`) VALUES
	(1, 1, '2018-12-19'),
	(2, 1, '2018-12-20'),
	(3, 1, '2018-12-21'),
	(4, 3, '2019-01-03'),
	(5, 3, '2019-01-04'),
	(6, 3, '2019-01-21'),
	(7, 5, '2019-01-28'),
	(8, 5, '2019-03-14'),
	(9, 5, '2019-03-26');
/*!40000 ALTER TABLE `reporte` ENABLE KEYS */;

-- Volcando estructura para tabla scrum.reporte_datos
CREATE TABLE IF NOT EXISTS `reporte_datos` (
  `id` bigint(20) NOT NULL AUTO_INCREMENT,
  `reporte_id` bigint(20) NOT NULL,
  `creador_id` bigint(20) DEFAULT NULL,
  `descripcion` text,
  `terminado` int(2) DEFAULT '0',
  `puntos` int(2) DEFAULT '0',
  `orden` int(20) DEFAULT '0',
  `sprint` int(20) DEFAULT '0',
  `semana` varchar(50) DEFAULT NULL,
  PRIMARY KEY (`id`)
) ENGINE=InnoDB AUTO_INCREMENT=61 DEFAULT CHARSET=latin1;

-- Volcando datos para la tabla scrum.reporte_datos: ~56 rows (aproximadamente)
DELETE FROM `reporte_datos`;
/*!40000 ALTER TABLE `reporte_datos` DISABLE KEYS */;
INSERT INTO `reporte_datos` (`id`, `reporte_id`, `creador_id`, `descripcion`, `terminado`, `puntos`, `orden`, `sprint`, `semana`) VALUES
	(1, 1, 1, 'Cambio Formato GuiaMasterContrato con formato HTML', 1, 4, 1, 2, '2018-W41'),
	(2, 1, 1, 'Creación y manejo de nuevos campos All in (Handing, Pre-cooling, Segurity, Conexión) en  GuiaMasterRubros y para GuiaHijaRubros (guías hijas agrupadas)', 1, 2, 2, 1, '2018-W43'),
	(3, 1, 1, 'Cambio plantilla con nuevo modelado para manejo de GuiaMaster y sus pestañas (liquidarGuiaAeropuerto)', 1, 4, 3, 3, '2018-W44'),
	(4, 1, 1, 'Histórico guía hijas rubros<br/>\r\nPrepaid o Collect de guías agrupadas, naturaleza de carga y broker', 1, 1, 5, 1, '2018-W48'),
	(5, 1, 1, 'Facturar (liquidar) Guía agrupada y notificar guías hijas agrupadas sin rubros para ser llenadas por el usuario<br/>\r\nRelacionar prefacturas con guiasAgrupadas', 1, 3, 4, 1, '2018-W47'),
	(6, 1, 1, 'Crear formatos guías para guiaAgrupadas y agrupada <b>AS AGREED</b> <br/>\r\nRevisión de texto dentro del los formatos', 1, 2, 6, 1, '2018-W49'),
	(7, 1, 1, 'Muestra aeropuerto aplicación<br/>\r\nMejora de código con retroalimentación', 0, 1, 8, 1, '2018-W52'),
	(8, 1, 1, 'Cambio de campos All In de operaciones a facturación.\r\n', 1, 0, 7, 2, '2018-W49'),
	(9, 2, 1, 'Cambio Formato GuiaMasterContrato con formato HTML', 1, 4, 1, 2, '2018-W41'),
	(10, 2, 1, 'Creación y manejo de nuevos campos All in (Handing, Pre-cooling, Segurity, Conexión) en  GuiaMasterRubros y para GuiaHijaRubros (guías hijas agrupadas)', 1, 2, 2, 1, '2018-W43'),
	(11, 2, 1, 'Cambio plantilla con nuevo modelado para manejo de GuiaMaster y sus pestañas (liquidarGuiaAeropuerto)', 1, 4, 3, 3, '2018-W44'),
	(12, 2, 1, 'Histórico guía hijas rubros<br/>\r\nPrepaid o Collect de guías agrupadas, naturaleza de carga y broker', 1, 1, 5, 1, '2018-W48'),
	(13, 2, 1, 'Facturar (liquidar) Guía agrupada y notificar guías hijas agrupadas sin rubros para ser llenadas por el usuario<br/>\r\nRelacionar prefacturas con guiasAgrupadas', 1, 3, 4, 1, '2018-W47'),
	(14, 2, 1, 'Crear formatos guías para guiaAgrupadas y agrupada <b>AS AGREED</b> <br/>\r\nRevisión de texto dentro del los formatos', 1, 2, 6, 1, '2018-W49'),
	(15, 2, 1, 'Muestra aeropuerto aplicación<br/>\r\nMejora de código con retroalimentación', 1, 1, 8, 1, '2018-W52'),
	(16, 2, 1, 'Cambio de campos All In de operaciones a facturación.\r\n', 1, 0, 7, 2, '2018-W49'),
	(17, 3, 1, 'Cambio Formato GuiaMasterContrato con formato HTML', 1, 4, 1, 2, '2018-W41'),
	(18, 3, 1, 'Creación y manejo de nuevos campos All in (Handing, Pre-cooling, Segurity, Conexión) en  GuiaMasterRubros y para GuiaHijaRubros (guías hijas agrupadas)', 1, 2, 2, 1, '2018-W43'),
	(19, 3, 1, 'Cambio plantilla con nuevo modelado para manejo de GuiaMaster y sus pestañas (liquidarGuiaAeropuerto)', 1, 4, 3, 3, '2018-W44'),
	(20, 3, 1, 'Histórico guía hijas rubros<br/>\r\nPrepaid o Collect de guías agrupadas, naturaleza de carga y broker', 1, 1, 5, 1, '2018-W48'),
	(21, 3, 1, 'Facturar (liquidar) Guía agrupada y notificar guías hijas agrupadas sin rubros para ser llenadas por el usuario<br/>\r\nRelacionar prefacturas con guiasAgrupadas', 1, 3, 4, 1, '2018-W47'),
	(22, 3, 1, 'Crear formatos guías para guiaAgrupadas y agrupada <b>AS AGREED</b> <br/>\r\nRevisión de texto dentro del los formatos', 1, 2, 6, 1, '2018-W49'),
	(23, 3, 1, 'Muestra aeropuerto aplicación<br/>\r\nMejora de código con retroalimentación', 1, 1, 8, 1, '2018-W52'),
	(24, 3, 1, 'Cambio de campos All In de operaciones a facturación.\r\n', 1, 0, 7, 2, '2018-W49'),
	(25, 4, 1, '<ol><li>Consulta por rango de fecha salida</li><li>Auto chequeo confirmando estado del vuelo</li><li>Botón para eliminar todos lo E-mail al momento de enviar</li></ol>', 0, 0, 1, 1, '2019-W01'),
	(26, 4, 1, '<p>Notificación E-mail con Guía de conexión (Cuerpo y asento)</p>', 0, 1, 2, 1, '2019-W02'),
	(27, 4, 1, '<p>Incluir Lista de novedades&nbsp;</p><ul><li>PENDIENTE</li><li>RESERVADO A TIEMPO</li><li>VUELO A TIEMPO</li><li>VUELO RETRAZADO</li><li>VUELO CANCELADO</li><li>EN TRANSITO A TIEMPO</li><li>EN TRANSITO RETRAZADO</li><li>CONEXIÓN A TIEMPO</li><li>CONEXIÓN RETRAZADA</li><li>CONEXIÓN CANCELADA</li><li>CARGA PARCIAL</li><li>TERMINADO</li></ul>', 0, 1, 3, 1, '2019-W02'),
	(28, 4, 1, '<p>Opción de consulta E-mail de broker relacionado a un cliente</p>', 0, 2, 4, 2, '2019-W02'),
	(29, 5, 1, '<ol><li>Consulta por rango de fecha salida</li><li>Auto chequeo confirmando estado del vuelo</li><li>Botón para eliminar todos lo E-mail al momento de enviar</li></ol>', 1, 0, 1, 1, '2019-W01'),
	(30, 5, 1, '<p>Notificación E-mail con Guía de conexión (Cuerpo y asento)<br>Agregar chekeo de ¡IMPORTANT! para asunto del E-mail</p>', 1, 1, 2, 1, '2019-W02'),
	(31, 5, 1, '<p>Incluir Lista de novedades &nbsp;para generar cuadro de novedades</p><ul><li>PENDIENTE</li><li>RESERVADO A TIEMPO</li><li>VUELO A TIEMPO</li><li>VUELO RETRAZADO</li><li>VUELO CANCELADO</li><li>EN TRANSITO A TIEMPO</li><li>EN TRANSITO RETRAZADO</li><li>CONEXIÓN A TIEMPO</li><li>CONEXIÓN RETRAZADA</li><li>CONEXIÓN CANCELADA</li><li>CARGA PARCIAL</li><li>TERMINADO</li><li>CARGA RETRAZADA</li></ul><p>Campo cantidad de atraso (<strong>DELAYED</strong>) también para reporte (resaltar excel)<br>También cargar la observación al reporte</p>', 0, 1, 3, 1, '2019-W02'),
	(32, 5, 1, '<p>Opción de consulta E-mail de broker relacionado a un cliente</p>', 0, 2, 4, 2, '2019-W02'),
	(33, 6, 1, '<ol><li>Consulta por rango de fecha salida</li><li>Auto chequeo confirmando estado del vuelo</li><li>Botón para eliminar todos lo E-mail al momento de enviar</li></ol>', 1, 0, 1, 1, '2019-W01'),
	(34, 6, 1, '<p>Notificación E-mail con Guía de conexión (Cuerpo y asento)<br>Agregar chekeo de ¡IMPORTANT! para asunto del E-mail</p>', 1, 1, 2, 1, '2019-W02'),
	(35, 6, 1, '<p>Incluir Lista de novedades &nbsp;para generar cuadro de novedades</p><ul><li>PENDIENTE</li><li>RESERVADO A TIEMPO</li><li>VUELO A TIEMPO</li><li>VUELO RETRAZADO</li><li>VUELO CANCELADO</li><li>EN TRANSITO A TIEMPO</li><li>EN TRANSITO RETRAZADO</li><li>CONEXIÓN A TIEMPO</li><li>CONEXIÓN RETRAZADA</li><li>CONEXIÓN CANCELADA</li><li>CARGA PARCIAL</li><li>TERMINADO</li><li>CARGA RETRAZADA</li></ul><p>Campo cantidad de atraso (<strong>DELAYED</strong>) también para reporte (resaltar excel)<br>También cargar la observación al reporte</p>', 1, 1, 3, 1, '2019-W02'),
	(36, 6, 1, '<p>Opción de consulta E-mail de broker relacionado a un cliente</p>', 0, 2, 4, 2, '2019-W02'),
	(37, 7, 1, '<p>Adaptar herramienta con función base para la conexión con API (<i>Bases</i>), todo bajo la nueva versión de symfony 2.8.*</p>', 1, 2, 1, 1, '2019-W04'),
	(38, 7, 1, '<p>Comenzar con adaptación de funciones para consumo e API usando información de las entidades</p><ul><li>Creación de facturas</li><li>Descarga y muestra PDF</li><li>Adaptación de funciones consulta</li></ul>', 1, 2, 2, 1, '2019-W04'),
	(39, 7, 1, '<p>Agregar lo estado de facturas (<i>por API</i>) a los registro de facturas (<i>Cargex</i>)</p><p><strong>POST Creación Documentos (FC - NC - ND)</strong></p><p>Dentro del manejo creación capturar y guardar datos de retorno</p><ul><li>cdo_consecutivo</li><li>cdo_id</li><li>rfa_prefijo (<i>tal vez este no</i>)</li><li>lote</li></ul>', 0, 2, 4, 1, '2019-W04'),
	(40, 7, 1, '<p>Agregar funciones para adaptar <strong>parámetros </strong>y <strong>configuración </strong>asociada ala factura electrónica</p>', 0, 2, 3, 2, '2019-W04'),
	(41, 8, 1, '<p>Adaptar herramienta con función base para la conexión con API (<i>Bases</i>), todo bajo la nueva versión de symfony 2.8.*</p>', 1, 2, 1, 1, '2019-W04'),
	(42, 8, 1, '<p>Comenzar con adaptación de funciones para consumo e API usando información de las entidades</p><ul><li>Creación de facturas</li><li>Descarga y muestra PDF</li><li>Adaptación de funciones consulta</li></ul>', 1, 2, 2, 1, '2019-W04'),
	(43, 8, 1, '<p>Agregar lo estado de facturas (<i>por API</i>) a los registro de facturas (<i>Cargex</i>)</p><p><strong>POST Creación Documentos (FC - NC - ND)</strong></p><p>Dentro del manejo creación capturar y guardar datos de retorno</p><ul><li>cdo_consecutivo</li><li>cdo_id</li><li>rfa_prefijo (<i>tal vez este no</i>)</li><li>lote</li></ul>', 1, 2, 4, 1, '2019-W04'),
	(44, 8, 1, '<p>Agregar funciones para adaptar <strong>parámetros </strong>y <strong>configuración </strong>asociada ala factura electrónica</p>', 1, 2, 3, 2, '2019-W04'),
	(45, 8, 1, '<p>Adaptación de sistema para la creación y edición de Adquirientes (Clientes) en el sistemas</p><ul><li>Manejo manual (Modulo Clientes)</li><li>Command (Creación y sincronizar registros)</li></ul>', 1, 2, 5, 1, '2019-W06'),
	(46, 8, 1, '<p>Reunión OP (08-02-2019)</p>', 1, 2, 6, 2, '2019-W06'),
	(47, 8, 1, '<ol><li>Mejora consumo y erecciones consumo Api OP</li><li>Consulta de tipos de factura<ul><li>Guía</li><li>Manual</li><li>DO</li></ul></li><li>Espera de JSON adaptado para su creación</li><li>Cambio de vista.</li></ol>', 1, 1, 7, 1, '2019-W07'),
	(48, 8, 1, '<p>Prepara tabla (entidades) <strong>Cliente</strong> con el fin de realizar un envió masivo de clientes al sistema OP</p>', 1, 1, 8, 1, '2019-W08'),
	(49, 8, 1, '<p>cambio bases de nota crédito</p>', 1, 2, 9, 1, '2019-W09'),
	(50, 9, 1, '<p>Adaptar herramienta con función base para la conexión con API (<i>Bases</i>), todo bajo la nueva versión de symfony 2.8.*</p>', 1, 2, 1, 1, '2019-W04'),
	(51, 9, 1, '<p>Comenzar con adaptación de funciones para consumo e API usando información de las entidades</p><ul><li>Creación de facturas</li><li>Descarga y muestra PDF</li><li>Adaptación de funciones consulta</li></ul>', 1, 2, 2, 1, '2019-W04'),
	(52, 9, 1, '<p>Agregar lo estado de facturas (<i>por API</i>) a los registro de facturas (<i>Cargex</i>)</p><p><strong>POST Creación Documentos (FC - NC - ND)</strong></p><p>Dentro del manejo creación capturar y guardar datos de retorno</p><ul><li>cdo_consecutivo</li><li>cdo_id</li><li>rfa_prefijo (<i>tal vez este no</i>)</li><li>lote</li></ul>', 1, 2, 4, 1, '2019-W04'),
	(53, 9, 1, '<p>Agregar funciones para adaptar <strong>parámetros </strong>y <strong>configuración </strong>asociada ala factura electrónica</p>', 1, 2, 3, 2, '2019-W04'),
	(54, 9, 1, '<p>Adaptación de sistema para la creación y edición de Adquirientes (Clientes) en el sistemas</p><ul><li>Manejo manual (Modulo Clientes)</li><li>Command (Creación y sincronizar registros)</li></ul>', 1, 2, 5, 1, '2019-W06'),
	(55, 9, 1, '<p>Reunión OP (08-02-2019)</p>', 1, 2, 6, 2, '2019-W06'),
	(56, 9, 1, '<ol><li>Mejora consumo y erecciones consumo Api OP</li><li>Consulta de tipos de factura<ul><li>Guía</li><li>Manual</li><li>DO</li></ul></li><li>Espera de JSON adaptado para su creación</li><li>Cambio de vista.</li></ol>', 1, 1, 7, 1, '2019-W07'),
	(57, 9, 1, '<p>Prepara tabla (entidades) <strong>Cliente</strong> con el fin de realizar un envió masivo de clientes al sistema OP</p>', 1, 1, 8, 1, '2019-W08'),
	(58, 9, 1, '<p>cambio bases de nota crédito</p>', 1, 2, 9, 1, '2019-W09'),
	(59, 9, 1, '<p>Entorno de pruebas para el modulo notas crédito (<strong>NC</strong>)&nbsp;</p>', 1, 1, 10, 11, '2019-W12'),
	(60, 9, 1, '<p>Cambio vista <strong>nota crédito</strong></p>', 0, 1, 11, 1, '2019-W12');
/*!40000 ALTER TABLE `reporte_datos` ENABLE KEYS */;

-- Volcando estructura para tabla scrum.targeta
CREATE TABLE IF NOT EXISTS `targeta` (
  `id` bigint(20) NOT NULL AUTO_INCREMENT,
  `creador_id` bigint(20) DEFAULT NULL,
  `categoria_id` bigint(20) DEFAULT NULL,
  `titulo` varchar(50) NOT NULL,
  `quien` text NOT NULL,
  `que` text NOT NULL,
  `para_que` text NOT NULL,
  `semana` varchar(50) NOT NULL,
  `prioridad` int(20) DEFAULT '0',
  `puntos` int(20) DEFAULT '0',
  `sprint` int(20) DEFAULT '0',
  `posicion` int(20) DEFAULT '1',
  `visible` int(2) DEFAULT '1',
  `ultimocambio` date DEFAULT NULL,
  PRIMARY KEY (`id`)
) ENGINE=InnoDB AUTO_INCREMENT=10 DEFAULT CHARSET=latin1;

-- Volcando datos para la tabla scrum.targeta: ~9 rows (aproximadamente)
DELETE FROM `targeta`;
/*!40000 ALTER TABLE `targeta` DISABLE KEYS */;
INSERT INTO `targeta` (`id`, `creador_id`, `categoria_id`, `titulo`, `quien`, `que`, `para_que`, `semana`, `prioridad`, `puntos`, `sprint`, `posicion`, `visible`, `ultimocambio`) VALUES
	(1, 1, 1, 'Guías Hijas', '<p><i>No se</i></p>', '<p>Mejora de Rubros</p>', '<p>Reporte de rentabilidad con los campos requeridos tanto en liquidación de Guia Master como Guia Hija Agrupada</p>', '2018-W40', 1, 17, 12, 4, 0, NULL),
	(2, 1, 1, 'Cartera - Cruces contables', '<p>contabilidad</p>', '<p>Creación modulo de cruces contables</p>', '<p>Para empalme de registro <i><strong>SIESA </strong></i>vs <i><strong>transflora</strong></i></p>', '2019-W05', 1, 20, 6, 3, 0, '2019-06-17'),
	(3, 1, 3, 'Tracking Aereo', '<p>Area Tracking</p>', '<p>Mejora de la herramienta detallada en su manejo para evitar pasos dentro e un excel externo por parte de &nbsp;tracking</p>', '<p>Mejora modulo traking</p>', '2019-W01', 2, 4, 2, 4, 0, '2019-05-15'),
	(4, 1, 3, 'Cotizacion', '<p>Comercial</p>', '<p>Mejora del modulo de cotizaciones</p>', '<p>Herramienta mas dinámica y simplificada</p>', '2019-W03', 1, 10, 1, 4, 0, '2019-07-16'),
	(5, 1, 1, 'Facturación electrónica', '<p>Área Facturación</p>', '<p>Funciones para consumir API facturación electrónica</p>', '<p>Envío de facturación a la DIAN por medio del API</p>', '2019-W04', 1, 10, 2, 3, 0, NULL),
	(6, 1, 2, 'CASS - IATA', '<p>CASS "Camila"</p>', '<p>Desarrollo reporte CASS - IATA</p><p><strong>Opcional:</strong> conexión con la IATA para envió de información directa si este es posible.</p>', '<p>Facilidad de la generación del reporte en menor tiempo para su validación y carga.</p>', '2019-W19', 2, 50, 10, 1, 1, NULL),
	(7, 1, 4, 'Creación servicio TRM', '<p>El si mismo sistema.</p>', '<p>Sistematizar el consumo de <strong>TRM</strong> de manera automática</p><p><a href="https://docmanager.com.co/ES/Productos/TRM">https://docmanager.com.co/ES/Productos/TRM</a></p>', '<p>Para mejorar del sistema dejando independizar manera manual</p>', '2019-W19', 2, 10, 2, 4, 0, '2019-05-14'),
	(8, 1, 3, 'Tracking servicios estado de vuelos', '<p>Usuario de traking y usuario para si notificación de carga</p>', '<ul><li>Abstracción de información de vuelo</li><li>Consulta posibles tipos de notificación (E-mail, Wasapp)</li><li>Mejora base de la plantilla actual</li></ul>', '<p>Mejora para automatizar lo más posible el sistema</p>', '2019-W20', 1, 3, 3, 2, 1, '2019-09-18'),
	(9, 1, 2, 'Transmisión guías IATA', '<p>Para los aeropuertos</p>', '<p>Trasmisión de guías al aeropuerto en XML&nbsp;</p>', '<ul><li>Envió de documento digital</li><li>Evitar que nos cobren extra por documentación</li></ul>', '2019-W25', 1, 15, 9, 3, 1, '2019-09-18');
/*!40000 ALTER TABLE `targeta` ENABLE KEYS */;

/*!40101 SET SQL_MODE=IFNULL(@OLD_SQL_MODE, '') */;
/*!40014 SET FOREIGN_KEY_CHECKS=IF(@OLD_FOREIGN_KEY_CHECKS IS NULL, 1, @OLD_FOREIGN_KEY_CHECKS) */;
/*!40101 SET CHARACTER_SET_CLIENT=@OLD_CHARACTER_SET_CLIENT */;
